scores,avg_score,types,date,room,useful,comments
"位置:5.0,设施:5.0,服务:5.0,卫生:5.0",5,商务出差,2019年05月入住,标准间,,总体来讲，性价比很高。虽然是老酒店，卫生很不错！距离最近的海边步行20分钟就到了，很不错！下次还会入住！
"位置:5.0,设施:5.0,服务:5.0,卫生:5.0",5,商务出差,2019年05月入住,标准间,,房间升级豪华间，室内安静整洁，下次还会选择入住！前台叫王男的员工服务非常好^_^
"位置:5.0,设施:4.0,服务:2.0,卫生:4.0",3.8,朋友出游,2019年01月入住,标准间,0,房间还算干净卫生毕竟才260元房费！二楼餐厅菜品比较贵实在很饿选择在二楼吃一口！没想到三个菜上齐需要一小时！服务员连句话都不会说！反复问了几遍米饭服务人员就像聋子一样听不见不回答！坐在餐桌傻等半小时才上来一个菜！每道菜需要间隔20多分钟！连个水都没有！68元杭椒牛柳是猪肉！真是服了！
"位置:5.0,设施:5.0,服务:5.0,卫生:5.0",5,商务出差,2019年02月入住,豪华标准间,,早餐还好，这个级别酒店算中规中矩吧。房间床品不错，睡着很舒服！配有沙发小茶几，很方便！
"位置:5.0,设施:5.0,服务:5.0,卫生:5.0",5,商务出差,2019年01月入住,标准间,,很好，一直很好，多少年前就很好，卫生干净，服务很好，定错了日期，直接改定办入住，很好，周边商业很近，大学，医院，商场都很近，交通方便，停车方便
"位置:3.0,设施:1.0,服务:1.0,卫生:3.0",2,商务出差,2019年05月入住,标准间,,早餐没吃，床超级不舒服，两次打电话要被子话没说完电话被挂了。冷水洗的澡，隔音效果差隔壁呼噜声很清楚。早餐没来得及吃。
"位置:4.0,设施:4.0,服务:4.0,卫生:4.0",4,商务出差,2019年03月入住,豪华标准间,0,大连的一家四星级的酒店。朋友和领导们都非常推荐。这次来出差一共出了两天，住了两天。感觉还行。早餐也挺丰富的。周边的吃喝花。都还可以。总体还行吧。
"位置:4.0,设施:3.0,服务:4.0,卫生:3.0",3.5,商务出差,2019年04月入住,豪华标准间,0,酒店位置佳，周边歺馆多方便就歺，酒店旁有停车场停车方便且免费，酒店早餐一般般，性价比低，品种不多，房间卫生一般。
"位置:5.0,设施:5.0,服务:5.0,卫生:5.0",5,独自旅行,2018年09月入住,标准间,,酒店位于开发区繁华地区，周围酒店林立，很好辨认，交通便利。距海滨及多个城市公园不足2公里，游玩方便。酒店设施齐全，服务热情。酒店对面有超市🏪，购物方便。值得入住！
"位置:5.0,设施:5.0,服务:5.0,卫生:5.0",5,商务出差,2018年12月入住,标准间,,驾车从江南到东北，选择烟台到大连滚装船是个好主意。大连靠岸，住在新海天国际酒店是我的不二选择，交通方便，卫生好，房间舒适，服务态度好，每次来这里，都毫不犹豫的选择。希望坚持下去！
"位置:5.0,设施:5.0,服务:5.0,卫生:5.0",5,家庭亲子,2018年10月入住,标准间,,酒店房间很舒服，很宽敞。卫生间很大，水很舒服。服务态度超级好，熊孩子不小心把房卡折断了，前台给免了。周围挺方便的，有停车场。
"位置:4.0,设施:4.0,服务:5.0,卫生:4.0",4.3,商务出差,2019年04月入住,豪华标准间,0,酒店不错，提点建议就是卫生间能有剃胡刀就好了，没有挺麻烦的
"位置:5.0,设施:5.0,服务:5.0,卫生:5.0",5,家庭亲子,2019年06月入住,标准间,0,酒店地理位置优越，离开发区万达很近，有停车场。
"位置:3.0,设施:2.0,服务:1.0,卫生:3.0",2.3,家庭亲子,2018年10月入住,豪华标准间,0,国庆期间定的，价格涨了不少，服务水平没有上涨，态度很差，我们定的大/双床，到店后不说没有双床，直接开，我们到房间后发现是大床再下来找她，态度蛮狠无礼，说你们可以退房，不建议。
"位置:5.0,设施:5.0,服务:5.0,卫生:5.0",5,独自旅行,2018年10月入住,标准间,0,小单间很划算，11点半到东站，出站，过个马路走一小段就到了～～～～～就是外卖不能上楼，得下去拿～～晚上到站的话可以考虑入住～～方便～～
"位置:5.0,设施:5.0,服务:5.0,卫生:5.0",5,情侣出游,2018年11月入住,标准间,0,酒店位置非常好，出行非常方便，房间很干净，很温馨，阳光充足，设施也很好，高端大气上档次的感觉，值得推荐
"位置:5.0,设施:5.0,服务:5.0,卫生:5.0",5,商务出差,2018年06月入住,标准间,0,非常棒，卫生干净，服务贴心周到，环境优美，是出差办公，家人旅游很好的选择，我情不自禁的想多多好评，给个大大的赞！
"位置:5.0,设施:5.0,服务:5.0,卫生:5.0",5,独自旅行,2018年08月入住,标准间,,酒店在红梅，有很多吃的，韩餐尤其多，位置很不错。早餐种类，比较丰富，口味也不错。前台很热心，我要赶飞机，来不及吃早餐，主动要给打包面包及酸奶带着。
"位置:5.0,设施:5.0,服务:5.0,卫生:5.0",5,家庭亲子,2018年10月入住,标准间,,对于价格来说房间不错，电梯和走廊有点发霉的味道。早餐没有在酒店吃，因为旁边吃早餐很方便也很便宜！推荐入住！
"位置:4.0,设施:5.0,服务:5.0,卫生:5.0",4.8,商务出差,2018年09月入住,豪华标准间,0,酒店位置不错，附近吃饭方便，对面就有一个永和豆浆，便宜又好吃，酒店设施也不错，安排的水床，很舒服，早餐也丰富，对的起这个价钱，赞
"位置:5.0,设施:5.0,服务:5.0,卫生:5.0",5,商务出差,2018年10月入住,标准间,,   酒店位置交通方便，  商务出差帮客户订的房间干净整洁，价钱不贵 。客户很满意，下次来还会再住进来。
"位置:5.0,设施:5.0,服务:5.0,卫生:5.0",5,家庭亲子,2018年08月入住,豪华标准间,,酒店有点老，但卫生干净，就是隔音不是很好，前台服务员态度非常好。
"位置:5.0,设施:5.0,服务:5.0,卫生:5.0",5,商务出差,2019年05月入住,标准间,0,每次出差都住这家，服务很好，自助餐不错
"位置:4.0,设施:4.0,服务:3.0,卫生:4.0",3.8,商务出差,2018年07月入住,豪华标准间,0,入住条件还可以，卫生情况也还不错。\n两点不满意，1，早上开发票非常缓慢，不用结算只开发票用了21分钟，这效率全国也是领先的。\n2，隐性消费，常年出差，一年一半时间都在出差，我就没见过袋装茶包还要收费，根本没看到有收费的提示，大家千万小心，根本不是钱的事儿。
"位置:5.0,设施:5.0,服务:5.0,卫生:5.0",5,商务出差,2019年06月入住,标准间,0,酒店卫生条件好，服务不错，值得推荐
"位置:5.0,设施:5.0,服务:5.0,卫生:5.0",5,商务出差,2019年06月入住,标准间,0,酒店位置在开发区中心区，出行方便
"位置:5.0,设施:5.0,服务:5.0,卫生:5.0",5,商务出差,2019年05月入住,标准间,0,就是热水壶不好  有味   其它别的都可以
"位置:4.0,设施:4.0,服务:5.0,卫生:4.0",4.3,家庭亲子,2018年09月入住,标准间,0,大连是很干净的城市，酒店位置很好交通方便，服务态度很好，住着很安静．新海天国际酒店是出差旅游不错的选择！
"位置:5.0,设施:5.0,服务:5.0,卫生:5.0",5,商务出差,2019年05月入住,标准间,0,很好，早餐也不错，网上预订还是便宜
"位置:5.0,设施:3.0,服务:5.0,卫生:4.0",4.3,家庭亲子,2018年04月入住,标准间,0,为了看个学校，在这附近定的。一进屋有股味道，房间小，没有主灯。兑付一宿吧。像是钟点房
"位置:5.0,设施:5.0,服务:5.0,卫生:5.0",5,商务出差,2018年04月入住,豪华标准间,,性价比超高的一家四星级酒店，自助烧烤海鲜晚餐值得推荐，到大连开发区的下榻首选
"位置:4.0,设施:3.0,服务:4.0,卫生:4.0",3.8,商务出差,2018年04月入住,标准间,,房间设施简单，比经济型酒店略强，早餐可以，整体上感觉性价比一般
"位置:5.0,设施:4.0,服务:5.0,卫生:5.0",4.8,商务出差,2018年09月入住,豪华标准间,0,酒店位置不错，周围吃饭方便，酒店早餐还不错，还算丰盛，停车场就在酒店后面，因为在市中心上下班容易堵车。
"位置:5.0,设施:5.0,服务:5.0,卫生:5.0",5,商务出差,2018年08月入住,标准间,0,酒店环境很好，服务态度也很好！房间舒适，室内整洁，附近交通便利，餐饮店也有很多，可以自由选择。是商务出行的可选酒店。
"位置:5.0,设施:5.0,服务:5.0,卫生:5.0",5,家庭亲子,2018年10月入住,标准间,0,有免费停车场。酒店附近很多饭店，对面的烤冷面很好吃。二楼的饭店味道还好，但性价比过于低。
"位置:4.0,设施:4.0,服务:3.0,卫生:4.0",3.8,情侣出游,2018年04月入住,标准间,,酒店不错。只是可惜前台服务员不够热情，没有告诉晚上酒店有海鲜自助。不然怎么能在外边吃呢。希望以后前台服务员介绍一下用餐情况。
"位置:5.0,设施:5.0,服务:5.0,卫生:5.0",5,商务出差,2018年07月入住,标准间,0,房间干净卫生，服务员每天打扫。床很舒适。周围吃饭购物很方便，早餐很好吃。前台热情。不足之处就是价格小贵
"位置:4.0,设施:4.0,服务:4.0,卫生:4.0",4,商务出差,2018年07月入住,标准间,0,每次出差都直接携程下单，确认方便快捷。酒店位置很不错，入住顺利，房间空间很大，早餐也可以。下次出差还会考虑入住
"位置:4.0,设施:4.0,服务:5.0,卫生:5.0",4.5,商务出差,2018年06月入住,豪华标准间,0,我是携程定的房间免押金，酒店不接机的。这家酒店还是不错的早餐样式多味道可口。我经常在这里住的建议来这里可以体验一下。
"位置:5.0,设施:5.0,服务:5.0,卫生:5.0",5,情侣出游,2018年09月入住,悦享水床房,0,早餐很超值
"位置:5.0,设施:4.0,服务:5.0,卫生:5.0",4.8,商务出差,2018年10月入住,商务间,0,价格便宜，酒店位置相当好，周边配套非常齐全。就是早饭有点差劲
"位置:5.0,设施:5.0,服务:5.0,卫生:5.0",5,家庭亲子,2018年04月入住,豪华标准间,0,酒店设施好 卫生好 服务好 总之一句话 好 开始网上预定时心里没底 结果真的很幸运 没选错地方 可惜因为天气不好 光线问题就没拍照片
"位置:1.0,设施:1.0,服务:1.0,卫生:1.0",1,商务出差,2019年06月入住,豪华标准间,0,下次不会住的，太垃圾了，枕套还要20元赔偿，希望早日关门
"位置:5.0,设施:5.0,服务:5.0,卫生:5.0",5,家庭亲子,2019年01月入住,标准间,,酒店近商圈、体育公园等，位置优越，房间温暖。
"位置:4.0,设施:4.0,服务:5.0,卫生:4.0",4.3,商务出差,2018年04月入住,商务间,0,酒店位于开发区的热闹地段，周围吃饭很方便，酒店内部也有自助餐和中餐。 但是开发区的交通还是有点不方便，去机场一般出租车都要加价。\n\n酒店历史比较久，房间内部也比较干净， 唯一不足的是淋浴房太小，在里面转身有点困难，而且淋雨喷头的设计有点问题，水开的大了，会搁不住，掉下来。 晚上洗澡一共掉下来三次，最后一次还砸在了身上。\n\n早上因为早餐去的时间晚了，基本没什么东西了，但是服务人员还是很热情，能否满足的要求尽量会安排，值得表扬。\n\n作为出差的话，酒店性价比还是很不错的\n\n
"位置:5.0,设施:5.0,服务:5.0,卫生:5.0",5,商务出差,2019年06月入住,标准间,,自助餐不错，品种多，新鲜
"位置:4.0,设施:3.0,服务:4.0,卫生:4.0",3.8,商务出差,2018年08月入住,标准间,0,房间宽敞，有停车场，停车方便，二楼有吃饭的地方，一楼有自助餐，价格实惠，打车也方便，总得来说还可以。
"位置:5.0,设施:5.0,服务:5.0,卫生:5.0",5,商务出差,2019年06月入住,标准间,0,房间很大适合孩子玩耍
"位置:5.0,设施:5.0,服务:5.0,卫生:5.0",5,家庭亲子,2018年08月入住,商务间,0,带了个8岁孩子，房间干净，没烟味，设施齐全，晚上安静，空调制冷很好，早餐中等
"位置:5.0,设施:5.0,服务:5.0,卫生:5.0",5,代人预订,2018年10月入住,豪华标准间,0,前台主动帮忙升级行政房，态度贴别好，有朋友来，还会选这里！
"位置:5.0,设施:5.0,服务:5.0,卫生:5.0",5,商务出差,2018年09月入住,豪华标准间,0,酒店卫生条件好，地理位置好，餐食也不错，是出差和旅游洒店住好选择。
"位置:5.0,设施:5.0,服务:5.0,卫生:5.0",5,商务出差,2018年11月入住,豪华标准间,,早餐不错 周边饭店不少 很方便。设施也不错，下回再来。
"位置:5.0,设施:5.0,服务:5.0,卫生:5.0",5,代人预订,2019年03月入住,商务间,0,早餐不错环境很好价格小贵
"位置:4.0,设施:2.0,服务:4.0,卫生:4.0",3.5,商务出差,2018年05月入住,标准间,0,还行吧，不是特别好，也没特别差，中规中矩，就是房间里出风口的声音特别大的而且居然不能关的，一晚上听着出风口的声音挺难受的
"位置:5.0,设施:5.0,服务:5.0,卫生:5.0",5,商务出差,2017年09月入住,标准间,0,早餐超赞，中餐西餐聚会，好啊。酒店在大连民族大学附近，临近商业区，适合带孩子，有停车位置，大床房应该不能加床
"位置:5.0,设施:5.0,服务:5.0,卫生:5.0",5,独自旅行,2018年03月入住,标准间,0,酒店预订部经理给免费升级了豪华房，很赞(*^__^*) 嘻嘻……以后一定会再来！！！一楼自助晚餐也不错，希望多再做的更精致一些^_^
"位置:5.0,设施:5.0,服务:5.0,卫生:5.0",5,家庭亲子,2019年05月入住,标准间,0,性价比很好，值得推荐
"位置:5.0,设施:5.0,服务:5.0,卫生:5.0",5,商务出差,2019年02月入住,标准间,0,非常好 每次去大连都住这里
"位置:4.0,设施:4.0,服务:5.0,卫生:5.0",4.5,商务出差,2019年05月入住,标准间,0,房间比较干净整洁
"位置:4.0,设施:3.0,服务:4.0,卫生:3.0",3.5,商务出差,2018年03月入住,标准间,0,对于价格来说房间不错，电梯和走廊有点发霉的味道。早餐还算中规中举，装修有点老旧了，多年前算是不错的酒店，推荐入住！
"位置:4.0,设施:4.0,服务:4.0,卫生:4.0",4,商务出差,2018年07月入住,豪华标准间,0,护照不能登机入住，谢谢前台经理带我去派出所开证明以后就可以入住了。
"位置:5.0,设施:5.0,服务:5.0,卫生:5.0",5,商务出差,2018年06月入住,标准间,0,酒店干净卫生好。
"位置:4.0,设施:5.0,服务:5.0,卫生:5.0",4.8,商务出差,2018年07月入住,标准间,0,酒店服务很好，到店预定的普通大床房没有了，被免费升级到行政套房。
"位置:4.0,设施:4.0,服务:5.0,卫生:5.0",4.5,家庭亲子,2018年08月入住,标准间,0,十几年前的四星酒店，装修有点旧。旅游旺季这个价钱还好！
"位置:5.0,设施:5.0,服务:5.0,卫生:5.0",5,商务出差,2018年04月入住,标准间,0,服务一般，淋浴房很小，被水龙头烫伤了想找酒店要个冰块说没有，能不能送个药膏要自己去楼下拿？
"位置:5.0,设施:5.0,服务:5.0,卫生:5.0",5,家庭亲子,2019年04月入住,豪华标准间,0,还可以，服务值这个价！
"位置:4.0,设施:4.0,服务:4.0,卫生:4.0",4,商务出差,2019年03月入住,豪华标准间,0,一般般吧。环境没有想象中的那么新。不过离公司很近。交通比较方便。还可以吧。领导比较喜欢，所以就定这里了。
"位置:5.0,设施:4.0,服务:5.0,卫生:4.0",4.5,其它,2017年08月入住,标准间,0,酒店位置很好，交通便利，附近步行范围内就有几个景点。餐厅很有特色，也很有情调。房间干净卫生，设施齐全。特别值得一提的是，前台服务非常有耐心，也很贴心，想尽办法满足顾客的需求，让人很舒心。客房服务也很好。
"位置:5.0,设施:5.0,服务:5.0,卫生:5.0",5,家庭亲子,2018年10月入住,豪华标准间,0,电梯反应速度太快，会夹人。但是服务态度很好
"位置:4.0,设施:5.0,服务:5.0,卫生:5.0",4.8,商务出差,2018年04月入住,标准间,0,整体还不错，毕竟是老店了，设施肯定不会那么新或者时尚，但是也还不错，住的房间比较安静，挺好的！
"位置:5.0,设施:4.0,服务:5.0,卫生:5.0",4.8,商务出差,2017年09月入住,标准间,0,帮助朋友预定的酒店，酒店条件不错，周边吃饭非常方便，日本料理比较多，早餐酒店68元/位，可以到对面永和豆浆去吃，价格便宜，总体感觉不错。
"位置:5.0,设施:4.0,服务:5.0,卫生:5.0",4.8,商务出差,2019年04月入住,标准间,0,性价比高，地段不错。
"位置:5.0,设施:5.0,服务:5.0,卫生:5.0",5,商务出差,2018年05月入住,标准间,0,此次出差 预定的新海天酒店 入住下来环境服务卫生等都还可以。
"位置:5.0,设施:5.0,服务:5.0,卫生:5.0",5,商务出差,2019年02月入住,标准间,0,一如既往的好，出行方便
"位置:5.0,设施:5.0,服务:5.0,卫生:5.0",5,商务出差,2019年05月入住,标准间,,早餐很丰富，服务也好，网络经理免升了商务间，总体很满意，性价比不错😊
"位置:5.0,设施:5.0,服务:5.0,卫生:5.0",5,商务出差,2018年08月入住,标准间,0,每次都住新海天，交通很方便，楼下也有吃饭的地方。
"位置:5.0,设施:5.0,服务:5.0,卫生:5.0",5,家庭亲子,2017年07月入住,豪华标准间,0,整体感觉很满意，从上到下管理🉐️很好，坐电梯遇到一位酒店服务人员，应该是管理层的，电梯地毯进门处有点拱起，他出电梯时特意把它放放平，还嘱咐我们小心，顿时好感倍增！客房服务也很迅速，要点东西很快就有回音。推荐入住
"位置:5.0,设施:5.0,服务:5.0,卫生:5.0",5,家庭亲子,2019年05月入住,家庭房,0,早餐好的不得了
"位置:5.0,设施:5.0,服务:5.0,卫生:5.0",5,商务出差,2017年11月入住,标准间,0,环境绝对可以，卫生状况也不错，服务人员态度也好，订了两个房间都赠送了果盘，就是早餐有点贵，要50元一份，下次希望订房间送早餐！用的来说一切都满意！
"位置:5.0,设施:5.0,服务:5.0,卫生:5.0",5,情侣出游,2018年11月入住,标准间,,携程订的特价房没有不含早餐
"位置:5.0,设施:5.0,服务:5.0,卫生:5.0",5,商务出差,2018年12月入住,标准间,0,有停车场，周围有好吃的，方便
"位置:4.0,设施:4.0,服务:4.0,卫生:4.0",4,朋友出游,2017年12月入住,标准间,0,在大连还算是比较不错的酒店，设施很齐全，服务业很到位，记得有个小姐姐，为了给我拿热水，手都被烫了，非常感谢她
"位置:5.0,设施:5.0,服务:5.0,卫生:5.0",5,商务出差,2019年04月入住,标准间,0,很干净，家具不错
"位置:4.0,设施:1.0,服务:1.0,卫生:1.0",1.8,其它,2019年03月入住,标准间,0,室内环境不好，服务不好
"位置:5.0,设施:5.0,服务:5.0,卫生:5.0",5,商务出差,2018年09月入住,标准间,0,很干净的酒店，非常喜欢，以后还会再来！@
"位置:4.0,设施:3.0,服务:3.0,卫生:2.0",3,商务出差,2018年04月入住,豪华标准间,0,服务还好，环境也非常好，住得的舒适，交通便利。卫生问题就差强人意了
"位置:5.0,设施:5.0,服务:5.0,卫生:5.0",5,朋友出游,2019年06月入住,标准间,,酒店位置好，步行到海边20分钟，房间干净卫生，性价比高！
"位置:5.0,设施:5.0,服务:5.0,卫生:5.0",5,商务出差,2018年10月入住,豪华标准间,,前台很贴心，直接给免费升级了！
"位置:4.0,设施:4.0,服务:4.0,卫生:4.0",4,商务出差,2018年08月入住,标准间,0,酒店比较老了，周围商业配套还算方便
"位置:5.0,设施:5.0,服务:5.0,卫生:5.0",5,朋友出游,2018年04月入住,标准间,0,环境特别好，给人很舒服的感觉，床很舒服，服务态度特别好，特别的喜欢在他家住，特别的干净，推荐给大家，
"位置:2.0,设施:1.0,服务:1.0,卫生:1.0",1.3,商务出差,2017年10月入住,标准间,0,入住了一个黑店. 事后想想都是套路. 本来定了一个预付双床房！到了酒店，说双床没有，升级单间. 觉得升级就升级吧.  因为预付，所以交回房卡就离开了. 结果离开10分钟，银行卡信息就来了，尽然预付的订单多扣了100. 事项：杂项费用. 跟携程沟通，说是吹风机损坏. 只好折回去和酒店对质。 图片中很明显的托座缺了一块. 酒店说是我损坏的.  裂缝很明显陈旧，落灰都没有洒扫，关键缺块也没有找到.  沟通来沟通去，酒店说已经给我打折了. 我勒个去. 是你们的责任你们不承认错误，还要忘顾客头上泼脏水.  一个堂堂四星酒店，竟然这么掉份.   我有理由相信这就是一个局.  你们客房不认真，以前坏掉的东西，让顾客赔偿.  关键你们是不是针对每一个入住1105房间的顾客都玩弄这种把戏.  提醒大家，入住这家酒店药小心点.  不然要你赔偿的可能是一张床，一个电视机. 这就损失大了.
"位置:2.0,设施:2.0,服务:3.0,卫生:3.0",2.5,商务出差,2017年10月入住,标准间,0,早餐不错，酒店设施一般，有点老旧，被电梯门夹了几次…建议换成感应的电梯门，有人进出，能感应保持打开…如果小孩子，容易被夹伤…离海边近，泊石湾海滨浴场，走过去20分钟…
"位置:5.0,设施:5.0,服务:5.0,卫生:5.0",5,商务出差,2018年05月入住,标准间,0,非常不错的酒店
"位置:1.0,设施:1.0,服务:1.0,卫生:1.0",1,商务出差,2018年06月入住,标准间,0,网络太差，房间老旧，房间隔音差，电话居然连接不了前台。
"位置:3.0,设施:3.0,服务:1.0,卫生:3.0",2.5,家庭亲子,2017年08月入住,,,酒店的早餐原订的是六点（餐劵上也这么写，前台也这么说）为了节约时间。我和爱人六点就去了！结果告诉我们它们没准备好，要六点半才可以。态度特别的理直气壮!这早我住过态度最差的酒店。
"位置:5.0,设施:5.0,服务:5.0,卫生:5.0",5,商务出差,2018年04月入住,标准间,0,前台接待比较热情，楼下有自助餐，价格实惠，比较好的一次体验
"位置:5.0,设施:5.0,服务:5.0,卫生:5.0",5,商务出差,2017年07月入住,标准间,0,非常好的宾馆，价格低，条件好，环境好，卫生好，设施好，服务好！地理位置好，出行方便，给您全五星最高评价了！
"位置:5.0,设施:5.0,服务:5.0,卫生:5.0",5,商务出差,2018年05月入住,标准间,0,定的普通标间，酒店自动给升级成豪华商务标间，服务到位，很好
"位置:5.0,设施:5.0,服务:5.0,卫生:5.0",5,商务出差,2019年06月入住,标准间,0,好，非常好，特别好
"位置:4.0,设施:4.0,服务:4.0,卫生:5.0",4.3,家庭亲子,2018年07月入住,豪华标准间,0,不错，房间干净！设施有点旧！早餐品种一般！
"位置:4.0,设施:4.0,服务:4.0,卫生:4.0",4,家庭亲子,2018年08月入住,标准间,0,性价比超高 值得推荐\n#环境超好# \n#房间干净#
"位置:5.0,设施:5.0,服务:5.0,卫生:5.0",5,家庭亲子,2018年08月入住,标准间,0,酒店不错，环境非常好，非常愉快的一次旅行。
"位置:5.0,设施:3.0,服务:5.0,卫生:5.0",4.5,商务出差,2017年05月入住,豪华标准间,,酒店免费升级了商务间，但房间比较小，设施比较旧，房间空调是坏的，不能用。房间可以收看日韩电视，房间放了一本佛经，不知为何？酒店客服人员态度好，众多前台态度冰冷，只有其中一位服务超棒，希望可以改善。
"位置:5.0,设施:5.0,服务:5.0,卫生:5.0",5,家庭亲子,2017年10月入住,标准间,0,周围停车还不错，带孩子出行，要求户口本，希望能写进简介里，还是很安静的，离商业区很近，出行便利，就是定的房间没有中央灯，有些昏暗，不能给孩子看书！
"位置:4.0,设施:1.0,服务:3.0,卫生:4.0",3,商务出差,2017年09月入住,标准间,0,比较晚飞抵，找了家评价高的入住，在电梯里看到辽宁省2016年十佳酒店的招牌，结果呵呵呵，房间装修老旧，睡衣穿了一下有异味赶紧脱了，床头没有插座，打了两次电话才送来。前台倒是很客气，周围貌似居民区，酒店对面有家永和豆浆
"位置:5.0,设施:5.0,服务:5.0,卫生:5.0",5,商务出差,2017年09月入住,标准间,0,第二次入住了，酒店性价比很高，周围环境也不错，吃饭购物都很方便。房间很宽敞，卫生还可以，前台业务不太熟练，态度很好，效率需要提高。
"位置:5.0,设施:5.0,服务:5.0,卫生:5.0",5,商务出差,2018年11月入住,标准间,,早餐还是要吃的，很丰富
"位置:3.0,设施:3.0,服务:4.0,卫生:3.0",3.3,家庭亲子,2018年10月入住,标准间,0,酒店离大连市区较远，酒店设施较旧。
"位置:3.0,设施:3.0,服务:1.0,卫生:3.0",2.5,商务出差,2017年09月入住,标准间,0,办理入住超慢，入住后我的房间居然没电，打前台电话要求换一间，告诉我没有房间了，说找电工来修，\u3000来了一个电工，说没法修，又打前台电话，还是说找电工，电工又来了，说了一句让我等着，就走了，从晚上１０点等到１１点多，又来了，修了一会儿了，又说没法修，再次打前台电话，才同意给我换一间，我一直拉着行李箱，在门口等着，等了１个半小时，才换了一间，差评．
"位置:5.0,设施:5.0,服务:5.0,卫生:5.0",5,其它,2017年09月入住,标准间,0,我订的空气清新房，由于这次要办一些事情，住的时间比较长，酒店给免费升了级，非常感谢。酒店住宿不含早餐，但周围的早餐店不少，而且很好。酒店位置也不错，出行也方便。离海边和童牛岭很近。停车场也很大。
"位置:4.0,设施:5.0,服务:4.0,卫生:5.0",4.5,商务出差,2019年01月入住,标准间,0,早餐不错👍房间卫生
"位置:5.0,设施:5.0,服务:5.0,卫生:5.0",5,朋友出游,2019年05月入住,标准间,,房间升级到豪华间了，住的很舒服，以后还会再来
"位置:5.0,设施:5.0,服务:5.0,卫生:5.0",5,朋友出游,2017年11月入住,豪华标准间,,服务非常好，还赠送了果盘，房间干净整洁，电视节目很多，酒店附近很热闹，周围好多好吃的饭店，环境特别好！！
"位置:5.0,设施:5.0,服务:5.0,卫生:5.0",5,商务出差,2017年11月入住,豪华标准间,0,不错！服务也好，环境也非常得好，读得非常的舒适，交通非常便利，我出差经常住在这里没有房间，直接调整高档房间
"位置:4.0,设施:5.0,服务:5.0,卫生:5.0",4.8,商务出差,2018年02月入住,豪华标准间,0,服务和早餐都不错，房间也挺舒适。性价比很好，挺适合日本籍的人居住
"位置:5.0,设施:5.0,服务:5.0,卫生:5.0",5,商务出差,2019年06月入住,标准间,,免费升级的豪华房，性价比很高，服务不错
"位置:5.0,设施:5.0,服务:5.0,卫生:5.0",5,家庭亲子,2017年10月入住,标准间,0,晚餐巴西烤肉更棒 而且节假曰三人送一人  不能加床 适合带孩子 门口坐803直接到去金石滩 很方便 房间很干净
"位置:4.0,设施:4.0,服务:4.0,卫生:5.0",4.3,商务出差,2017年09月入住,豪华标准间,0,早餐种类挺多的，不知道能不能加床，位置还可以，大商场打车很快就到了，餐厅小超市等等都有~酒店整体应该有些年头了~
"位置:5.0,设施:5.0,服务:5.0,卫生:4.0",4.8,商务出差,2017年07月入住,悦享水床房,0,还行，位置方便，周围食品店很多，价格一般，性价比一般。早餐还可以，就是9点去很多东西已经不多了，补的不是很及时
"位置:5.0,设施:5.0,服务:5.0,卫生:5.0",5,商务出差,2019年03月入住,标准间,0,很棒，性价比高
"位置:4.0,设施:4.0,服务:4.0,卫生:4.0",4,商务出差,2019年02月入住,豪华标准间,0,价格合适，方便
"位置:5.0,设施:5.0,服务:5.0,卫生:5.0",5,家庭亲子,2017年08月入住,标准间,0,酒店位置巨佳，交通便利，临街但是一点不吵，房间很大，卫生间也比较宽敞，房间干净整洁，酒店前台小妹服务很热情，很热心地回答我们外地菜鸽子的各种问题~~~
"位置:5.0,设施:5.0,服务:5.0,卫生:5.0",5,商务出差,2018年06月入住,标准间,0,服务很好，房间干净，以后还会再入住
"位置:5.0,设施:5.0,服务:5.0,卫生:5.0",5,商务出差,2019年01月入住,标准间,,干净整洁，早餐好。
"位置:5.0,设施:4.0,服务:5.0,卫生:4.0",4.5,商务出差,2017年09月入住,标准间,,酒店位置不錯，設備有些老舊。只是週邊很熱鬧，吃東西，買東西都方便。酒店有免費餅乾，非常好。工作人員服務態度很好。停車較不方便。
"位置:5.0,设施:5.0,服务:5.0,卫生:4.0",4.8,商务出差,2017年08月入住,标准间,0,酒店的前台小姐非常热情帮忙升级了房型，整体感觉酒店虽然老但是服务等还是不错，周边吃的很多后面就有很多日料店，淋浴的水非常大洗的舒服，就是淋浴间比较小
"位置:3.0,设施:3.0,服务:3.0,卫生:4.0",3.3,家庭亲子,2018年03月入住,标准间,0,酒店环境一般，周边较静，但确实不适合旅行，费用有点高
"位置:5.0,设施:3.0,服务:4.0,卫生:4.0",4,商务出差,2018年04月入住,标准间,0,酒店的网络太差，慢不说，总是中断。其他还行吧。
"位置:4.0,设施:4.0,服务:4.0,卫生:4.0",4,商务出差,2017年10月入住,行政商务间,0,最可气的是把茶叶放在免费的盒子里，然后再把收费提示对着墙放，一个袋泡茶要收10多块，这套路也太深了。
"位置:5.0,设施:5.0,服务:5.0,卫生:5.0",5,商务出差,2019年04月入住,标准间,0,可以，非常棒
"位置:5.0,设施:5.0,服务:5.0,卫生:5.0",5,商务出差,2018年07月入住,豪华标准间,0,免升行政间入住，服务很好，会再次入住！
"位置:5.0,设施:4.0,服务:5.0,卫生:5.0",4.8,商务出差,2019年01月入住,标准间,0,酒店停车场方便.早餐没吃过不清楚全家旅游居住应该不错哦
"位置:5.0,设施:5.0,服务:5.0,卫生:5.0",5,商务出差,2019年06月入住,标准间,,来大连每次都住新海天，性价比超高
"位置:5.0,设施:5.0,服务:5.0,卫生:5.0",5,家庭亲子,2017年10月入住,商务间,0,酒店环境很好，由于订房仓促，又是十一黄金周有亲子房可惜没订上，总体来说很好，干净，整洁，设施齐全，好评
"位置:4.0,设施:4.0,服务:4.0,卫生:4.0",4,代人预订,2017年07月入住,标准间,,酒店来了不少客人，前台的人好像业务很不熟练，虽然是闪住，办理入住时墨迹墨迹，中午十一点朋友就退房啦，早已把房卡送到前台，告知退房！结果酒店还反应给携程说没退房，真是无语，不知说啥？？
"位置:5.0,设施:5.0,服务:5.0,卫生:5.0",5,商务出差,2017年07月入住,标准间,0,前台张爽女士的服务，态度让我下次出差还会选择这家酒店。房间干净，周边吃饭什么的也很方便离五彩街很近。一次很不都没错体验，满分。
"位置:5.0,设施:5.0,服务:5.0,卫生:5.0",5,商务出差,2018年08月入住,标准间,0,早餐还不错 房间安静干净整洁不错 酒店服务还行算比较热情 基本每次出差都会来住这一家 交通也是比较方便 综合性价比高
"位置:5.0,设施:5.0,服务:5.0,卫生:5.0",5,商务出差,2018年08月入住,标准间,0,早餐还不错 房间安静干净整洁不错 酒店服务还行算比较热情 基本每次出差都会来住这一家 交通也是比较方便 综合性价比高
"位置:5.0,设施:5.0,服务:5.0,卫生:5.0",5,商务出差,2017年09月入住,标准间,,每次回老家都住的地方，干净，日本人韩国人不少，服务好，整个酒店都比较安静，适合各种类型出行。
"位置:5.0,设施:3.0,服务:5.0,卫生:5.0",4.5,情侣出游,2017年10月入住,商务间,0,酒店不错，最传统的星级酒店，别的都还可以，就是有点小有点旧，正常入住还是可以，就是价格偏高了一点，总体可以给个好评
"位置:5.0,设施:5.0,服务:5.0,卫生:5.0",5,商务出差,2018年07月入住,豪华标准间,0,九点设施完善，服务态度非常好
"位置:5.0,设施:5.0,服务:5.0,卫生:5.0",5,商务出差,2019年06月入住,标准间,,虽然老了点，住的很舒服，还会选择！
"位置:5.0,设施:5.0,服务:5.0,卫生:5.0",5,情侣出游,2017年07月入住,标准间,0,是和女朋友一起出游的，新海天酒店的服务人员周到热情，环境打扫的非常及时、干净整洁，周边交通便利，大约几公里的地方就可以看到海，而且好吃的也很多呢。没有什么拍照的习惯，所以就没拍房间的照片，大家自己亲身体验吧。
"位置:5.0,设施:4.0,服务:4.0,卫生:4.0",4.3,商务出差,2019年03月入住,豪华标准间,0,稍微有点旧
"位置:5.0,设施:3.0,服务:3.0,卫生:3.0",3.5,独自旅行,2018年04月入住,标准间,0,水盆都不漏水了还继续使用，也够节省的了
"位置:5.0,设施:3.0,服务:4.0,卫生:3.0",3.8,商务出差,2017年07月入住,标准间,0,可能是我订的房间便宜的缘故吧，房间尽然窗子那么高那么小，和没有没什么区别，其他设施比三星好但绝对不能和四星比。早餐太应付了事了，还那么贵。
"位置:3.0,设施:3.0,服务:3.0,卫生:3.0",3,商务出差,2018年08月入住,标准间,0,前台的服务让人无力吐槽…
"位置:5.0,设施:4.0,服务:5.0,卫生:4.0",4.5,家庭亲子,2017年09月入住,标准间,0,我住的无早餐，但楼下有餐厅，酒店对面有永和豆浆，很方便的。
"位置:4.0,设施:4.0,服务:4.0,卫生:4.0",4,商务出差,2018年08月入住,豪华标准间,0,出差时住了一晚，还可以。
"位置:5.0,设施:5.0,服务:5.0,卫生:5.0",5,商务出差,2019年06月入住,标准间,0,早餐很好，前台办理业务特别快
"位置:5.0,设施:5.0,服务:5.0,卫生:5.0",5,商务出差,2017年01月入住,标准间,,到大连有点晚了，从携程找到这家，位置很好找，停车很方便，一楼有巴西烤肉海鲜自助，吃的饱饱的，上楼睡觉，真心不错啊！
"位置:5.0,设施:5.0,服务:5.0,卫生:5.0",5,商务出差,2019年06月入住,标准间,0,好十分好特别好。特别是前台小姐姐很漂亮
"位置:5.0,设施:5.0,服务:5.0,卫生:5.0",5,商务出差,2018年06月入住,标准间,0,挺不错，每次来大连都是住这里…
"位置:5.0,设施:5.0,服务:5.0,卫生:5.0",5,代人预订,2018年10月入住,行政商务间,,挺好的，朋友很满意
"位置:5.0,设施:5.0,服务:5.0,卫生:5.0",5,家庭亲子,2018年10月入住,豪华标准间,,很好很适合亲子 出行
"位置:5.0,设施:5.0,服务:5.0,卫生:5.0",5,情侣出游,2018年10月入住,标准间,0,交通便利，停车场方便
"位置:5.0,设施:5.0,服务:5.0,卫生:5.0",5,家庭亲子,2018年10月入住,标准间,0,酒店不错很好 很干净
"位置:5.0,设施:5.0,服务:5.0,卫生:5.0",5,朋友出游,2018年10月入住,标准间,0,酒店不错，干净卫生
"位置:5.0,设施:5.0,服务:5.0,卫生:5.0",5,家庭亲子,2018年10月入住,标准间,0,服务态度很好，很满意
"位置:5.0,设施:5.0,服务:5.0,卫生:5.0",5,家庭亲子,2017年09月入住,标准间,0,服务好周边就有小吃很方便
"位置:5.0,设施:5.0,服务:5.0,卫生:5.0",5,家庭亲子,2017年07月入住,标准间,0,超级大的房间，很舒适。进近开发区轻轨，可去往金石滩和大连市区。
"位置:5.0,设施:4.0,服务:5.0,卫生:5.0",4.8,商务出差,2017年06月入住,标准间,0,空乘服务不错，但是座椅不可调节，而且间距过窄，高个子的人伸不开腿不太舒适，由于是廉价航空，机上无餐饮，空乘多次推销物品也有些令人厌烦了\n。
"位置:4.0,设施:4.0,服务:4.0,卫生:4.0",4,商务出差,2017年12月入住,标准间,0,酒店位置尚可，早餐较贵，对面的永和豆浆应该不是正宗的
"位置:5.0,设施:5.0,服务:5.0,卫生:5.0",5,商务出差,2018年08月入住,商务间,0,干净，舒适，服务态度很好
"位置:5.0,设施:5.0,服务:5.0,卫生:5.0",5,家庭亲子,2018年08月入住,商务间,0,服务态度很好\n#房间干净#
"位置:5.0,设施:5.0,服务:5.0,卫生:5.0",5,情侣出游,2017年08月入住,豪华标准间,0,一如既往的👌好。
"位置:5.0,设施:5.0,服务:5.0,卫生:5.0",5,家庭亲子,2018年08月入住,标准间,0,酒店还可以，比较干净
"位置:5.0,设施:5.0,服务:5.0,卫生:5.0",5,商务出差,2017年08月入住,商务间,0,给别人订的旁边的酒店，为了见面方便随便订的这里，房间感觉还不错，性价比很高，自助餐超便宜，还不错吧感觉
"位置:3.0,设施:5.0,服务:5.0,卫生:5.0",4.5,商务出差,2019年01月入住,标准间,0,早餐还可以！
"位置:5.0,设施:5.0,服务:5.0,卫生:5.0",5,商务出差,2017年10月入住,商务间,0,嗨咯监控哦困小JJtoo女KKK咯找我图谋know五兔兔涂抹腹肌突兀UK绿叶URL默默Tony我哦有我呢饿呀默默
"位置:5.0,设施:5.0,服务:5.0,卫生:5.0",5,商务出差,2017年06月入住,标准间,0,到店较晚，服务非常好，这次预订普通标准间，预订部负责人给免费升级了商务间，入住感觉非常好，晚自助餐改善不少，希望继续保持！
"位置:4.0,设施:4.0,服务:4.0,卫生:4.0",4,商务出差,2019年01月入住,标准间,0,性价比不高
"位置:5.0,设施:4.0,服务:5.0,卫生:5.0",4.8,商务出差,2018年05月入住,标准间,0,商务出差酒店地理位置优越
"位置:5.0,设施:5.0,服务:5.0,卫生:5.0",5,家庭亲子,2017年06月入住,标准间,0,室内环境好，在大连开发区内，交通便利，周边配套齐全，酒店楼层，服务周到，细致，态度也很不错，下次来大连也会住这里。
"位置:4.0,设施:4.0,服务:4.0,卫生:4.0",4,商务出差,2018年04月入住,标准间,0,附近离工业区客户工厂较近。还好方便
"位置:5.0,设施:5.0,服务:5.0,卫生:5.0",5,商务出差,2017年10月入住,豪华标准间,0,明明预订有一份早餐的，可能前台没录入，携程还是要和酒店沟通好呀
"位置:5.0,设施:5.0,服务:5.0,卫生:5.0",5,商务出差,2017年05月入住,标准间,0,到店后免费升级行政房，酒店四星标准，虽然酒店有点老旧，但是设施都很上档次，干净整洁住的很舒心。地段也很棒，到机场火车站便利。下次再来大连还会考虑继续入住。
"位置:5.0,设施:5.0,服务:5.0,卫生:5.0",5,商务出差,2017年06月入住,标准间,0,房间很不错.酒店贴心送了个果盘.吃的就剩个梨子了
"位置:5.0,设施:5.0,服务:5.0,卫生:5.0",5,商务出差,2018年08月入住,商务间,0,挺好的酒店，房间宽敞
"位置:4.0,设施:4.0,服务:5.0,卫生:5.0",4.5,情侣出游,2017年07月入住,标准间,0,并非新酒店 但入住的六楼新装修 比较新 卫生不错 房间大 热水大 不吵 酒店正门永和豆浆可吃早点 不在海边 据说不远
"位置:5.0,设施:5.0,服务:5.0,卫生:5.0",5,商务出差,2019年06月入住,标准间,0,距离公园、海边都很近，喜欢！
"位置:3.0,设施:3.0,服务:4.0,卫生:3.0",3.3,独自旅行,2018年08月入住,豪华标准间,0,挺好，只是有点旧了。
"位置:5.0,设施:5.0,服务:5.0,卫生:5.0",5,商务出差,2017年05月入住,悦享水床房,0,一如即往的好！新加的水床特别棒
"位置:5.0,设施:5.0,服务:5.0,卫生:5.0",5,商务出差,2019年06月入住,标准间,0,房间很干净，也很安静，不吵。
"位置:5.0,设施:5.0,服务:5.0,卫生:5.0",5,代人预订,2018年08月入住,豪华标准间,0,环境不错，还会入住
"位置:5.0,设施:4.0,服务:5.0,卫生:5.0",4.8,朋友出游,2018年08月入住,标准间,0,很方便，老板人挺好
"位置:5.0,设施:5.0,服务:5.0,卫生:5.0",5,商务出差,2019年05月入住,标准间,0,很干净，环境不错，还会再来
"位置:5.0,设施:4.0,服务:5.0,卫生:5.0",4.8,独自旅行,2016年12月入住,豪华标准间,,今年大連最冷的一天，進了酒店感覺春暖花開，還免費升級了房間，開心。房間幹淨整潔，不豪華，但舒服，小難過就是枕頭有點高。步行2分鐘就是紅梅小區最繁華的撫順街，韓式料理為主，還有花店。步行十五分鐘可開發區中心麥凱樂。
"位置:4.0,设施:3.0,服务:4.0,卫生:4.0",3.8,家庭亲子,2017年10月入住,标准间,0,在这个酒店住了三天。停车方便。性价比还算不错。房间也很大。
"位置:5.0,设施:5.0,服务:5.0,卫生:5.0",5,朋友出游,2017年04月入住,豪华标准间,0,室内环境很好，房间大小合适。酒店位处大连开发区，旁边挨着民族大学，整体环境很好。10分钟步行可到童牛岭。服务和卫生都符合四星标准。下次还会入住。
"位置:5.0,设施:5.0,服务:5.0,卫生:5.0",5,朋友出游,2018年03月入住,商务间,0,非常好 还会再来 来着去开会的 特别舒心非常好 还会再来 来着去开会的 特别舒心非常好 还会再来 来着去开会的 特别舒心
"位置:5.0,设施:5.0,服务:5.0,卫生:5.0",5,商务出差,2017年03月入住,标准间,0,非常好，吃饭方便，早餐有咖啡，就是房间里免费水包装太小了
"位置:4.0,设施:4.0,服务:4.0,卫生:4.0",4,商务出差,2017年06月入住,豪华标准间,0,不在开发区酒店集中区，偏向红梅小区附近，路口有超市，走过两条马路有吃饭的地方，退房时开发票略拖沓
"位置:5.0,设施:5.0,服务:5.0,卫生:5.0",5,商务出差,2018年06月入住,豪华标准间,0,环境好，干净卫生，很安静
"位置:5.0,设施:5.0,服务:5.0,卫生:5.0",5,家庭亲子,2018年08月入住,标准间,0,交通便利，环境很好！
"位置:5.0,设施:5.0,服务:5.0,卫生:5.0",5,独自旅行,2018年08月入住,商务间,0,房间宽敞明亮，干净
"位置:5.0,设施:5.0,服务:5.0,卫生:5.0",5,商务出差,2019年06月入住,标准间,0,特别喜欢住这间酒店。很喜欢
"位置:5.0,设施:5.0,服务:5.0,卫生:5.0",5,朋友出游,2017年05月入住,标准间,0,房间够大，地理位置很好！硬件设备也还不错！是一个性价比很不错的酒店！酒店周边吃饭购物都很房间！距离体育公园也很近！
"位置:5.0,设施:5.0,服务:5.0,卫生:5.0",5,商务出差,2018年10月入住,标准间,0,高性价比酒店
"位置:4.0,设施:3.0,服务:2.0,卫生:4.0",3.3,商务出差,2017年10月入住,标准间,0,酒店硬件设施一般般，晚上自助餐不错，可是前台的服务不行。
"位置:5.0,设施:5.0,服务:5.0,卫生:5.0",5,商务出差,2018年06月入住,商务间,0,挺好的，位置服务俱佳
"位置:4.0,设施:5.0,服务:5.0,卫生:5.0",4.8,商务出差,2017年05月入住,悦享水床房,0,基本都还不错啦，商务出差也不会提什么特别高的要求，设施基本齐全，周边配套房间卫生情况尚可，有早餐就行。
"位置:5.0,设施:5.0,服务:5.0,卫生:5.0",5,独自旅行,2018年07月入住,行政商务间,0,很棒 住了俩天 不错
"位置:5.0,设施:5.0,服务:5.0,卫生:5.0",5,商务出差,2019年05月入住,标准间,0,还不错，一直都是住这家
"位置:4.0,设施:3.0,服务:3.0,卫生:4.0",3.5,商务出差,2018年05月入住,标准间,0,位置不错，房间挺宽敞，有停车场，停车方便，打车也方便。酒店设施还可以，卫生做的不错，二楼有吃饭的地方，一楼有自助餐，整体来说还是不错的。
"位置:4.0,设施:3.0,服务:3.0,卫生:4.0",3.5,商务出差,2018年05月入住,标准间,0,位置不错，房间挺宽敞，有停车场，停车方便，打车也方便。酒店设施还可以，卫生做的不错，二楼有吃饭的地方，一楼有自助餐，整体来说还是不错的。
"位置:4.0,设施:3.0,服务:3.0,卫生:4.0",3.5,商务出差,2018年05月入住,标准间,0,位置不错，房间挺宽敞，有停车场，停车方便，打车也方便。酒店设施还可以，卫生做的不错，二楼有吃饭的地方，一楼有自助餐，整体来说还是不错的。
"位置:5.0,设施:5.0,服务:5.0,卫生:5.0",5,家庭亲子,2017年10月入住,标准间,0,可以的方便快捷
"位置:5.0,设施:4.0,服务:5.0,卫生:5.0",4.8,商务出差,2017年05月入住,标准间,,客服人员服务都挺好的，开始住的房间无线不好，还特意换了一间房。整体稍微有点老旧，希望能重新装修一下。
"位置:4.0,设施:3.0,服务:3.0,卫生:4.0",3.5,商务出差,2018年08月入住,标准间,0,旅游旺季人很多。
"位置:3.0,设施:3.0,服务:2.0,卫生:3.0",2.8,商务出差,2017年03月入住,豪华标准间,,退房的时候说发票机器坏掉了，留了名片说之后给寄过来。过了一星期还没有收到，打电话去催的。之后收到一份顺丰到付的快递。。。到付是个什么情况，你们的错误还需要客人承担快递费用吗？
"位置:1.0,设施:1.0,服务:1.0,卫生:1.0",1,商务出差,2018年03月入住,标准间,0,酒店服务实在太差，前台根本就没有服务可言，住了4天，定了三间房，两天前台付，两天携程在线支付，退房开发票前台搞了半天都搞不清楚情况，前台付的钱就是不肯开全，理由是她也不清楚，态度相当不好。这管理没得说了。
"位置:1.0,设施:1.0,服务:1.0,卫生:1.0",1,商务出差,2018年03月入住,标准间,0,酒店服务实在太差，前台根本就没有服务可言，住了4天，定了三间房，两天前台付，两天携程在线支付，退房开发票前台搞了半天都搞不清楚情况，前台付的钱就是不肯开全，理由是她也不清楚，态度相当不好。这管理没得说了。
"位置:1.0,设施:1.0,服务:1.0,卫生:1.0",1,商务出差,2018年03月入住,标准间,0,酒店服务实在太差，前台根本就没有服务可言，住了4天，定了三间房，两天前台付，两天携程在线支付，退房开发票前台搞了半天都搞不清楚情况，前台付的钱就是不肯开全，理由是她也不清楚，态度相当不好。这管理没得说了。
"位置:1.0,设施:1.0,服务:1.0,卫生:1.0",1,商务出差,2018年03月入住,标准间,0,酒店服务实在太差，前台根本就没有服务可言，住了4天，定了三间房，两天前台付，两天携程在线支付，退房开发票前台搞了半天都搞不清楚情况，前台付的钱就是不肯开全，理由是她也不清楚，态度相当不好。这管理没得说了。
"位置:1.0,设施:1.0,服务:1.0,卫生:1.0",1,商务出差,2018年03月入住,标准间,0,酒店服务实在太差，前台根本就没有服务可言，住了4天，定了三间房，两天前台付，两天携程在线支付，退房开发票前台搞了半天都搞不清楚情况，前台付的钱就是不肯开全，理由是她也不清楚，态度相当不好。这管理没得说了。
"位置:1.0,设施:1.0,服务:1.0,卫生:1.0",1,商务出差,2018年03月入住,标准间,0,酒店服务实在太差，前台根本就没有服务可言，住了4天，定了三间房，两天前台付，两天携程在线支付，退房开发票前台搞了半天都搞不清楚情况，前台付的钱就是不肯开全，理由是她也不清楚，态度相当不好。这管理没得说了。
"位置:4.0,设施:4.0,服务:4.0,卫生:4.0",4,朋友出游,2018年05月入住,豪华标准间,0,很老的一家酒店了，离家近
"位置:4.0,设施:4.0,服务:5.0,卫生:4.0",4.3,商务出差,2017年05月入住,标准间,0,总体评价四星级，设施较陈，早餐品种较丰富，有健身室，但设备有点out，且在地下一层，空气质量较差，周边小吃店多
"位置:5.0,设施:5.0,服务:5.0,卫生:5.0",5,独自旅行,2018年03月入住,商务间,0,前台服务非常好，房间也很卫
"位置:5.0,设施:5.0,服务:5.0,卫生:5.0",5,商务出差,2018年07月入住,标准间,0,非常好的入住体验
"位置:2.0,设施:1.0,服务:3.0,卫生:2.0",2,独自旅行,2017年07月入住,标准间,0,住过的最脏地毯4星级酒店，住三天没有彻底打扫只是换换垃圾袋，不会再来，不推荐！
"位置:5.0,设施:5.0,服务:5.0,卫生:5.0",5,商务出差,2017年11月入住,标准间,,不错的选择，可以推荐，对面永和豆浆，也方便
"位置:5.0,设施:5.0,服务:5.0,卫生:5.0",5,情侣出游,2018年04月入住,豪华标准间,0,还不错，房间有点小而已
"位置:5.0,设施:5.0,服务:4.0,卫生:5.0",4.8,商务出差,2019年02月入住,豪华标准间,0,酒店干净！停车场大，服务也不错
"位置:5.0,设施:5.0,服务:5.0,卫生:5.0",5,商务出差,2019年03月入住,标准间,0,可以可以啊
"位置:5.0,设施:5.0,服务:5.0,卫生:5.0",5,商务出差,2017年10月入住,标准间,0,很愉快的入住 环境服务都没得说 赞👍床是调温的，很暖和
"位置:5.0,设施:5.0,服务:5.0,卫生:5.0",5,商务出差,2018年08月入住,标准间,0,还不错 有健身房
"位置:5.0,设施:5.0,服务:5.0,卫生:5.0",5,朋友出游,2017年10月入住,豪华标准间,0,周边吃饭方便，种类太多了，房间干净卫生，环境挺好的
"位置:5.0,设施:3.0,服务:4.0,卫生:5.0",4.3,家庭亲子,2017年08月入住,标准间,0,开发区，房间有点小，灯光昏暗，有几盏灯开不了。总体还可以，一般吧体验
"位置:5.0,设施:5.0,服务:5.0,卫生:5.0",5,商务出差,2017年02月入住,标准间,,交通很是方便，尤其是有停车场很便利吆，价格也不是很贵，环境也真的不错，房间宽敞干净，出差就要的是干净、安全、便利，早餐很好，服务很是到位，半夜0点到的宾馆，服务员依然精神饱满，态度很好滴，回家的感觉爽爽的，冲淡了一切不悦，再见大连，下次还住吆！
"位置:4.0,设施:4.0,服务:5.0,卫生:4.0",4.3,商务出差,2017年08月入住,豪华标准间,0,"酒店服务超好的.很棒.就是地理位置一般,不过我个人认为还是可以的."
"位置:5.0,设施:5.0,服务:5.0,卫生:5.0",5,其它,2017年11月入住,标准间,0,位置不错，周边吃饭逛街都方便。酒店卫生挺好！
"位置:4.0,设施:4.0,服务:4.0,卫生:4.0",4,商务出差,2017年12月入住,豪华标准间,0,还算可以吧，周围吃饭方便，停车方便，信价比高。还算可以吧，周围吃饭方便，停车方便，信价比高。还算可以吧，周围吃饭方便，停车方便，信价比高。
"位置:4.0,设施:4.0,服务:4.0,卫生:4.0",4,商务出差,2018年04月入住,标准间,0,出差基本选这里，携程订酒店非常便捷快速，马上就能确定。酒店位置方便，出行便利，早餐业可以。前台比较热情，很好。
"位置:4.0,设施:4.0,服务:4.0,卫生:4.0",4,商务出差,2018年04月入住,标准间,0,出差基本选这里，携程订酒店非常便捷快速，马上就能确定。酒店位置方便，出行便利，早餐业可以。前台比较热情，很好。
"位置:4.0,设施:4.0,服务:4.0,卫生:4.0",4,商务出差,2018年04月入住,豪华标准间,0,出差基本选这里，携程订酒店非常便捷快速，马上就能确定。酒店位置方便，出行便利，早餐业可以。前台比较热情，很好。
"位置:5.0,设施:5.0,服务:5.0,卫生:5.0",5,商务出差,2017年11月入住,标准间,0,位置好可以走到海边，就是有点远，下次还会住。。。。。。。。。。。。。。。。。。。。。。。。。。。。。。。
"位置:3.0,设施:3.0,服务:3.0,卫生:3.0",3,代人预订,2017年05月入住,标准间,0,朋友说还不错，离要去的地方比较近。第二天赶火车也很方便，下次有机会还会考虑入住。希望再接再厉…………
"位置:5.0,设施:5.0,服务:5.0,卫生:5.0",5,商务出差,2018年05月入住,标准间,0,非常棒，位置好，服务佳
"位置:5.0,设施:5.0,服务:5.0,卫生:5.0",5,商务出差,2017年10月入住,标准间,0,酒店位置和服务都不错，早餐也很丰富，房间卫生和服务也不错
"位置:5.0,设施:5.0,服务:5.0,卫生:5.0",5,家庭亲子,2017年08月入住,,0,酒店环境不错，房间隔音挺好，早餐很丰富，适合家庭旅游和商务。
"位置:5.0,设施:5.0,服务:5.0,卫生:5.0",5,商务出差,2018年06月入住,悦享水床房,0,酒店房间非常干净
"位置:5.0,设施:5.0,服务:5.0,卫生:5.0",5,商务出差,2017年12月入住,标准间,0,早餐，加床，位置都可以，带孩子也没问题。
"位置:5.0,设施:5.0,服务:4.0,卫生:5.0",4.8,商务出差,2017年03月入住,豪华标准间,0,总体来说不错，蛮好的，这次还免费升级了房间，虽然说是比较好的酒店，但早餐也就这样，没有什么特别的吧，面还有点烂烂的，吃不下啊
"位置:5.0,设施:5.0,服务:5.0,卫生:5.0",5,商务出差,2018年06月入住,行政商务间,0,帮同事订的，说不错！
"位置:4.0,设施:4.0,服务:4.0,卫生:4.0",4,商务出差,2018年07月入住,豪华标准间,0,住着还可以。不错
"位置:4.0,设施:4.0,服务:4.0,卫生:4.0",4,商务出差,2017年08月入住,标准间,0,非常熟悉的酒店，一楼的自助烤肉有10多年的历史了，味道还好。
"位置:4.0,设施:4.0,服务:4.0,卫生:5.0",4.3,商务出差,2019年04月入住,标准间,0,停车场很大，酒店很干净
"位置:5.0,设施:5.0,服务:5.0,卫生:5.0",5,家庭亲子,2018年10月入住,标准间,,水床很舒服。
"位置:5.0,设施:5.0,服务:5.0,卫生:5.0",5,家庭亲子,2018年08月入住,豪华标准间,0,不错~值得推荐
"位置:5.0,设施:5.0,服务:5.0,卫生:5.0",5,朋友出游,2018年08月入住,标准间,0,很棒，物有所值
"位置:5.0,设施:5.0,服务:5.0,卫生:5.0",5,家庭亲子,2018年08月入住,标准间,0,服务还比较好
"位置:5.0,设施:5.0,服务:5.0,卫生:5.0",5,商务出差,2018年03月入住,行政商务间,0,不错，楼下很多吃饭的地方。
"位置:3.0,设施:3.0,服务:4.0,卫生:3.0",3.3,家庭亲子,2017年08月入住,标准间,0,酒店内部设施非常陈旧，质量也不好，早餐味道也一般，非常失望
"位置:5.0,设施:5.0,服务:5.0,卫生:5.0",5,商务出差,2017年03月入住,标准间,,越住越习惯了，酒店有年头了，但是内部设施还是保养的很好。早餐内容丰富，这个价格属于性价比很高的，会继续选择下去。
"位置:5.0,设施:5.0,服务:5.0,卫生:5.0",5,家庭亲子,2018年05月入住,标准间,0,服务很好，停车方便。
"位置:4.0,设施:3.0,服务:4.0,卫生:4.0",3.8,商务出差,2017年04月入住,标准间,0,看起来挺老的酒店。房间陈设比较简单，旁边有一些吃饭的地方，比较方便。打车也挺容易的，主要是离客户近。
"位置:5.0,设施:5.0,服务:5.0,卫生:5.0",5,商务出差,2017年08月入住,标准间,0,还不错哦的
"位置:5.0,设施:5.0,服务:5.0,卫生:5.0",5,商务出差,2017年03月入住,标准间,,空气净化器非常贴心，房间布局很好，采光也很不错，非常明亮，有加湿器也很棒。早餐品种比较多，旁边就是超市，很便利。
"位置:5.0,设施:4.0,服务:5.0,卫生:5.0",4.8,商务出差,2018年02月入住,标准间,0,有窗户，酒店应该是不接机的
"位置:4.0,设施:4.0,服务:4.0,卫生:4.0",4,商务出差,2018年03月入住,标准间,0,出差基本选这里，携程订酒店非常便捷快速，马上就能确定。酒店位置方便，出行便利，早餐业可以。前台比较热情，很好。
"位置:4.0,设施:4.0,服务:4.0,卫生:4.0",4,商务出差,2018年03月入住,标准间,0,出差基本选这里，携程订酒店非常便捷快速，马上就能确定。酒店位置方便，出行便利，早餐业可以。前台比较热情，很好。
"位置:4.0,设施:4.0,服务:4.0,卫生:4.0",4,商务出差,2018年03月入住,豪华标准间,0,出差基本选这里，携程订酒店非常便捷快速，马上就能确定。酒店位置方便，出行便利，早餐业可以。前台比较热情，很好。
"位置:5.0,设施:5.0,服务:5.0,卫生:5.0",5,商务出差,2019年05月入住,标准间,0,十分喜欢这家酒店
"位置:5.0,设施:5.0,服务:5.0,卫生:5.0",5,商务出差,2017年12月入住,标准间,0,服务非常好，环境也不错，下次还来！
"位置:5.0,设施:5.0,服务:5.0,卫生:5.0",5,商务出差,2018年03月入住,标准间,0,房间很宽敞，舒适，暖气很暖和
"位置:5.0,设施:5.0,服务:5.0,卫生:5.0",5,商务出差,2018年03月入住,标准间,0,非常好，停车方便，位置很好
"位置:5.0,设施:5.0,服务:5.0,卫生:5.0",5,商务出差,2018年01月入住,标准间,0,服务热情，房间卫生，早餐丰盛
"位置:5.0,设施:5.0,服务:5.0,卫生:5.0",5,家庭亲子,2017年09月入住,标准间,0,酒店位置挺好，建议早餐出去吃，酒店对过就是永和豆浆
"位置:5.0,设施:5.0,服务:5.0,卫生:5.0",5,商务出差,2019年06月入住,标准间,0,挺好😊住很多天了
"位置:5.0,设施:5.0,服务:5.0,卫生:5.0",5,商务出差,2019年06月入住,标准间,,晚自助不错，推荐！
"位置:5.0,设施:5.0,服务:5.0,卫生:5.0",5,商务出差,2018年06月入住,悦享水床房,0,很好舒服的酒店
"位置:3.0,设施:3.0,服务:3.0,卫生:5.0",3.5,商务出差,2017年09月入住,标准间,0,酒店房间一般，价格比较便宜，距离办事地方较近。
"位置:5.0,设施:5.0,服务:5.0,卫生:5.0",5,家庭亲子,2017年10月入住,,0,有停车场，很方便;适合带孩子，宾馆附近很安静。
"位置:5.0,设施:5.0,服务:5.0,卫生:5.0",5,商务出差,2017年02月入住,行政商务间,0,总体不错的酒店，以后来了首选，价格小贵一点，附近有不少餐馆，交通也还比较方便，楼下有个盲人按摩还不错，实惠
"位置:5.0,设施:5.0,服务:5.0,卫生:5.0",5,商务出差,2018年02月入住,商务间,0,早上去港口看看，散步真不错
"位置:5.0,设施:5.0,服务:5.0,卫生:5.0",5,商务出差,2018年02月入住,悦享水床房,0,很不错，这个季节性价比很高！一如既往的选择，尤其自助海鲜、烧烤晚餐，最棒！好吃价格不\n贵，交通便利，周围全是美食。
"位置:5.0,设施:5.0,服务:5.0,卫生:5.0",5,商务出差,2017年02月入住,豪华标准间,0,酒店整体设施风格古朴，屋内设施干净，希望增加茶包！二层餐厅服务员较少，早餐种类希望每天及时更换。夜灯无法关闭
"位置:5.0,设施:5.0,服务:5.0,卫生:5.0",5,商务出差,2017年06月入住,行政商务间,0,酒店服务态度非常好，
"位置:5.0,设施:5.0,服务:5.0,卫生:5.0",5,商务出差,2018年03月入住,标准间,0,晚住早走没什么感受
"位置:5.0,设施:4.0,服务:4.0,卫生:3.0",4,商务出差,2017年08月入住,商务间,0,装修比较老，地毯有点脏，位置还不错，其他也还可以。
"位置:5.0,设施:5.0,服务:5.0,卫生:5.0",5,商务出差,2018年06月入住,标准间,0,酒店卫生条件好，地理位置好，餐食也不错，是出差和旅游洒店住好选择。
"位置:5.0,设施:5.0,服务:5.0,卫生:5.0",5,家庭亲子,2017年07月入住,,0,还不错，设施有些旧了，空调声音较大了，酒店自助甜品很好……
"位置:5.0,设施:5.0,服务:5.0,卫生:5.0",5,朋友出游,2018年03月入住,标准间,0,携程闪住 方便快捷啊
"位置:5.0,设施:5.0,服务:5.0,卫生:5.0",5,商务出差,2018年06月入住,标准间,0,酒店卫生条件好，地理位置好，餐食也不错，是出差和旅游洒店住好选择。
"位置:5.0,设施:5.0,服务:5.0,卫生:5.0",5,代人预订,2019年01月入住,商务间,0,早餐不错位置挺好，有停车场
"位置:5.0,设施:5.0,服务:5.0,卫生:5.0",5,代人预订,2018年12月入住,商务间,0,早餐不错位置挺好，有停车场
"位置:5.0,设施:5.0,服务:5.0,卫生:5.0",5,商务出差,2019年05月入住,标准间,0,通风透气，还不错
"位置:5.0,设施:4.0,服务:5.0,卫生:5.0",4.8,商务出差,2017年09月入住,豪华标准间,0,酒店条件不错，早餐符合四星级标准，中西餐自助，酒店前台接待服务态度很好，房间干净整洁，重新装修过，周边吃饭方便。
"位置:5.0,设施:4.0,服务:5.0,卫生:5.0",4.8,家庭亲子,2016年12月入住,标准间,0,因为要去开发区6中考试，所以从网上查的信息，看评分都不错，所以预定了。入住感觉还不错，比较舒服，房间环境也不错，但是空调的声音有些大，想换个房间，总台说没有，没换成。不过总的来说是不错的住宿，平安夜还送平安果，谢谢！
"位置:3.0,设施:2.0,服务:2.0,卫生:3.0",2.5,商务出差,2017年09月入住,标准间,0,差!！！！差！！！！差！！！！！！！！！！！！！！！！！！！！！！！！！！！！！！！！！！！！！！！！！
"位置:5.0,设施:4.0,服务:5.0,卫生:5.0",4.8,商务出差,2017年09月入住,豪华标准间,0,四星级酒店，重新装修过，条件不错，房间大小适中，早餐也不错，非常丰盛，晚餐有自助巴西烤肉，非常好吃，周边饭店也非常多。
"位置:3.0,设施:1.0,服务:1.0,卫生:3.0",2,朋友出游,2017年08月入住,标准间,0,屋里给我个麻将机还不能用 问前台告我收费 我的天
"位置:5.0,设施:5.0,服务:5.0,卫生:5.0",5,商务出差,2017年12月入住,豪华标准间,0,酒店位置很好，设施很好，服务很好，卫生也很好。
"位置:5.0,设施:5.0,服务:5.0,卫生:5.0",5,其它,2018年06月入住,豪华标准间,0,不错不错，价格可以
"位置:5.0,设施:4.0,服务:5.0,卫生:5.0",4.8,商务出差,2017年09月入住,豪华标准间,0,多次入住该酒店，酒店条件不错，房间干净整洁，服务态度很好，房间大小适中，早餐也不错，非常丰盛，出行方便，推荐入住。
"位置:5.0,设施:3.0,服务:3.0,卫生:3.0",3.5,商务出差,2017年06月入住,豪华标准间,0,酒店太老了，位置不错，出门有个超市，但是设施很久，早饭一般
"位置:5.0,设施:5.0,服务:4.0,卫生:5.0",4.8,商务出差,2016年10月入住,豪华标准间,,附近餐厅很多，吃饭方便，早餐还算不错，床睡起来舒适！
"位置:5.0,设施:3.0,服务:5.0,卫生:5.0",4.5,家庭亲子,2018年08月入住,标准间,0,早餐小贵些
"位置:3.0,设施:3.0,服务:4.0,卫生:5.0",3.8,商务出差,2018年08月入住,豪华标准间,0,老牌酒店了
"位置:5.0,设施:4.0,服务:5.0,卫生:5.0",4.8,其它,2017年08月入住,标准间,0,旅游季出差能订到原来价格的房子也算很好了。
"位置:5.0,设施:5.0,服务:5.0,卫生:5.0",5,代人预订,2018年12月入住,商务间,0,早餐不错位置挺好，有停车场
"位置:5.0,设施:5.0,服务:5.0,卫生:5.0",5,商务出差,2016年08月入住,标准间,0,酒店很干净，房间很大很高档，所在的位置也比较便利，出门就有超市和吃饭的店，适合去开发区出差和旅游的朋友居住
"位置:5.0,设施:5.0,服务:5.0,卫生:5.0",5,家庭亲子,2018年10月入住,标准间,0,很好，很干净！
"位置:5.0,设施:5.0,服务:5.0,卫生:5.0",5,代人预订,2018年04月入住,标准间,0,性价比很好的酒店
"位置:4.0,设施:4.0,服务:5.0,卫生:4.0",4.3,家庭亲子,2017年10月入住,标准间,0,总体感觉还不错，就是早餐只有一人份
"位置:5.0,设施:5.0,服务:5.0,卫生:5.0",5,商务出差,2017年11月入住,豪华标准间,0,位置好，服务热情，早餐好，还送了果盘。
"位置:5.0,设施:5.0,服务:5.0,卫生:5.0",5,家庭亲子,2017年07月入住,豪华标准间,0,入住很满意，前台张爽小姐很亲切，因为带着两个孩子和父母一起出游，张小姐直接帮我们升级了豪华房，还特意安排了相邻的房间给我们方便照顾，非常感谢！酒店管理也很到位，周边配套也很周全，出行，吃饭都很方便，下次还会入住。
"位置:5.0,设施:4.0,服务:5.0,卫生:5.0",4.8,商务出差,2017年09月入住,豪华标准间,0,帮助朋友预定的酒店，酒店条件不错，四星级，早餐也不错，非常丰盛，酒店重新装修过，干净整洁，酒店前台接待热情，推荐入住。
"位置:5.0,设施:4.0,服务:4.0,卫生:5.0",4.5,商务出差,2016年12月入住,标准间,,设备设施有点旧了，但还是保持了四星的水准。硬床睡得蛮舒服的，也够安静，周边吃饭、购物方便。前台有个服务员在咨询的时候始终板着脸，爱理不理的，后来人家才说是专门为韩国人服务的。
"位置:5.0,设施:5.0,服务:5.0,卫生:5.0",5,朋友出游,2018年02月入住,豪华标准间,0,环境还可以 位置很好
"位置:4.0,设施:4.0,服务:4.0,卫生:4.0",4,商务出差,2018年02月入住,标准间,0,开发区，位置还可以，吃饭购物等都很方便，停车场停车也方便，打车车也方便。房间挺宽敞。卫生做的还行，总体不错。
"位置:5.0,设施:5.0,服务:5.0,卫生:5.0",5,商务出差,2018年08月入住,商务间,0,挺好的，可以，
"位置:5.0,设施:4.0,服务:5.0,卫生:5.0",4.8,商务出差,2017年09月入住,标准间,0,酒店为四星级酒店，重新装修过，条件不错，面积适中，价格比较合理，早餐也比较丰盛，周边吃饭的地方比较多，非常方便。
"位置:5.0,设施:4.0,服务:5.0,卫生:5.0",4.8,商务出差,2017年09月入住,豪华标准间,0,经常入住该酒店，酒店是四星级酒店，开业时间有点久，后有重新装修过，价格适中，早餐有点贵，房客吃饭68元/位，总体满意。
"位置:5.0,设施:5.0,服务:5.0,卫生:5.0",5,代人预订,2018年12月入住,商务间,0,早餐不错位置挺好，有停车场
"位置:5.0,设施:5.0,服务:5.0,卫生:5.0",5,代人预订,2018年06月入住,豪华标准间,0,一般，也就那样
"位置:5.0,设施:5.0,服务:5.0,卫生:5.0",5,商务出差,2018年06月入住,标准间,0,环境不错，服务不错。。。。。。。。。。。。。。。。。。。。。。。。。。。。。。。。。。。。。。。。。
"位置:4.0,设施:4.0,服务:2.0,卫生:4.0",3.5,情侣出游,2017年07月入住,标准间,0,位置好，标准的四星配置。前台服务不够专业，太度较差。
"位置:5.0,设施:5.0,服务:5.0,卫生:5.0",5,商务出差,2017年03月入住,豪华标准间,0,10层的商务间很棒，采光好，隔音好，不吵。价格也挺好的，性价比很高，值得推荐。下次还会再次预订，值得下次下住。^_^
"位置:4.0,设施:4.0,服务:4.0,卫生:4.0",4,商务出差,2017年02月入住,标准间,0,酒店的地理位置较佳，在开发区应该算是不错的酒店。房间内设备设施完善，配备齐全。床上用品舒适。
"位置:5.0,设施:5.0,服务:5.0,卫生:5.0",5,独自旅行,2018年06月入住,商务间,0,不错，安静舒服
"位置:4.0,设施:4.0,服务:2.0,卫生:4.0",3.5,商务出差,2017年10月入住,标准间,0,这服务跟酒店的星级搭不上边啊……
"位置:5.0,设施:5.0,服务:5.0,卫生:5.0",5,商务出差,2017年12月入住,标准间,0,前台服务态度好，特别满意
"位置:5.0,设施:5.0,服务:5.0,卫生:5.0",5,朋友出游,2016年12月入住,标准间,,平安夜和朋友一起入住的，周围很多餐厅各种料理，离红叶料理很近，走路大概5分钟，酒店环境也不错，价格合理有机会还会入住。
"位置:5.0,设施:5.0,服务:5.0,卫生:5.0",5,独自旅行,2018年07月入住,悦享水床房,0,服务十分好
"位置:5.0,设施:5.0,服务:5.0,卫生:5.0",5,朋友出游,2017年11月入住,豪华标准间,0,绝佳位置，房间干净，设施齐全。
"位置:5.0,设施:5.0,服务:5.0,卫生:5.0",5,代人预订,2019年03月入住,商务间,0,早餐不错环境很好
"位置:4.0,设施:4.0,服务:4.0,卫生:5.0",4.3,商务出差,2017年12月入住,豪华标准间,0,一直以来来大连住宿的选择
"位置:2.0,设施:4.0,服务:2.0,卫生:4.0",3,家庭亲子,2017年07月入住,标准间,0,硬件陈旧不说，前台服务也跟不上，非常的不专业。中午到的酒店，办理入住手续就用了1个小时，定了两个房间，居然内部设施不同，有一间非常的潮湿阴暗，洗澡还要站在浴缸内，非常不便，下去要求换房，前台居然说没有房间，后来还是大堂经理人非常不错给解决了。弄完已经下午三点半了，本打算去玩的，结果弄的时间也不够了。退房更是弄的不愉快，居然把预付款的单子找不到了，还非得找到才能结房费，后来又是经理来才解决。
"位置:3.0,设施:4.0,服务:3.0,卫生:4.0",3.5,家庭亲子,2017年07月入住,标准间,0,硬件陈旧不说，前台服务也跟不上，非常的不专业。中午到的酒店，办理入住手续就用了1个小时，定了两个房间，居然内部设施不同，有一间非常的潮湿阴暗，洗澡还要站在浴缸内，非常不便，下去要求换房，前台居然说没有房间，后来还是大堂经理人非常不错给解决了。弄完已经下午三点半了，本打算去玩的，结果弄的时间也不够了。退房更是弄的不愉快，居然把预付款的单子找不到了，还非得找到才能结房费，后来又是经理来才解决。
"位置:5.0,设施:5.0,服务:5.0,卫生:5.0",5,代人预订,2019年03月入住,商务间,0,早餐不错环境很好
"位置:5.0,设施:5.0,服务:5.0,卫生:5.0",5,商务出差,2017年07月入住,商务间,0,非常好，很满意！到店后免费升级行政房，设施虽然有点旧但很上档次，干净整洁住的很舒心。地段也很棒，到机场火车站便利。下次再来大连还会考虑继续入住。
"位置:5.0,设施:5.0,服务:5.0,卫生:5.0",5,商务出差,2017年07月入住,商务间,0,非常好，很满意！到店后免费升级行政房，设施虽然有点旧但很上档次，干净整洁住的很舒心。地段也很棒，到机场火车站便利。下次再来大连还会考虑继续入住。
"位置:5.0,设施:5.0,服务:5.0,卫生:5.0",5,商务出差,2017年07月入住,商务间,0,非常好，很满意！到店后免费升级行政房，设施虽然有点旧但很上档次，干净整洁住的很舒心。地段也很棒，到机场火车站便利。下次再来大连还会考虑继续入住。
"位置:5.0,设施:5.0,服务:5.0,卫生:5.0",5,情侣出游,2017年03月入住,豪华标准间,0,环境条件都不错，就是要注意人家摆放的免费水在卫生间里，屋里的是收费18元一瓶呀
"位置:5.0,设施:5.0,服务:5.0,卫生:5.0",5,商务出差,2017年03月入住,标准间,0,每次来客户都定的新海天，反应都很好！早餐也不错👌👍，过几天还来人又定了这里！支持
"位置:5.0,设施:5.0,服务:5.0,卫生:5.0",5,家庭亲子,2018年07月入住,标准间,0,感觉非常好
"位置:3.0,设施:3.0,服务:3.0,卫生:3.0",3,商务出差,2017年08月入住,豪华标准间,0,酒 店位置不错，住宿 也舒适，只是早餐太贵
"位置:4.0,设施:4.0,服务:4.0,卫生:4.0",4,商务出差,2017年11月入住,标准间,0,设施全面，还有加湿器很贴心
"位置:5.0,设施:5.0,服务:5.0,卫生:5.0",5,商务出差,2017年11月入住,标准间,,酒店服务太好了，下次还住这。
"位置:4.0,设施:4.0,服务:4.0,卫生:4.0",4,商务出差,2018年02月入住,标准间,0,位置还不错的，有停车场，停车方差，旁边吃饭的地方也多，打车也方便，房间宽敞，卫生做的还可以，整体还不错。
"位置:3.0,设施:4.0,服务:4.0,卫生:5.0",4,商务出差,2017年12月入住,标准间,0,比较不错，离机场也不是很远
"位置:5.0,设施:4.0,服务:5.0,卫生:4.0",4.5,代人预订,2017年08月入住,标准间,0,酒店位置很好，交通便利，附近步行范围内就有几个景点。餐厅很有特色，也很有情调，二楼中餐厅的私房萝卜饼特别好吃，早餐在一楼西餐厅，中西餐都有，品种较多。房间很宽敞，也很干净卫生，设施齐全。
"位置:3.0,设施:3.0,服务:3.0,卫生:3.0",3,商务出差,2017年08月入住,豪华标准间,0,优点:自助餐不错，价格实惠，周边吃法方便。
"位置:5.0,设施:5.0,服务:5.0,卫生:5.0",5,商务出差,2017年10月入住,标准间,0,适合商务出差，早餐做的很好吃
"位置:5.0,设施:5.0,服务:5.0,卫生:5.0",5,商务出差,2017年11月入住,豪华标准间,0,前厅服务特别好 酒店也不错
"位置:5.0,设施:5.0,服务:5.0,卫生:5.0",5,商务出差,2017年11月入住,豪华标准间,0,设施齐全，服务周到，非常满意
"位置:5.0,设施:5.0,服务:5.0,卫生:5.0",5,商务出差,2018年06月入住,标准间,0,还是可以的
"位置:5.0,设施:5.0,服务:5.0,卫生:5.0",5,家庭亲子,2016年10月入住,标准间,0,房间宽敞明亮、干净卫生，离海边很近，不错的选择！
"位置:5.0,设施:5.0,服务:5.0,卫生:5.0",5,商务出差,2017年02月入住,豪华标准间,,洒店房间很干净，设施齐全，前台服务热情周到，周围交通便利，晚上洗个热水澡，睡得很香。
"位置:5.0,设施:5.0,服务:5.0,卫生:5.0",5,商务出差,2018年03月入住,标准间,0,还不错，挺方便的
"位置:5.0,设施:4.0,服务:5.0,卫生:4.0",4.5,商务出差,2016年10月入住,豪华标准间,0,位置很好的酒店，交通便利，周围吃饭娱乐选择很多，每次来大连都住这里，房间设施稍微有点旧了，床偏硬，不过还是推荐入住！
"位置:5.0,设施:5.0,服务:5.0,卫生:5.0",5,商务出差,2017年02月入住,标准间,0,环境好  服务好真的非常非常好     下次还得来住  适合商住 旅游等会一系列活动  再好不过了 真的
"位置:5.0,设施:5.0,服务:5.0,卫生:5.0",5,商务出差,2018年06月入住,豪华标准间,0,还算不错啊
"位置:4.0,设施:3.0,服务:3.0,卫生:4.0",3.5,商务出差,2017年12月入住,标准间,0,酒店前台办事效率太低
"位置:5.0,设施:5.0,服务:5.0,卫生:5.0",5,情侣出游,2018年10月入住,标准间,0,早餐很超值 位置不错 停车场很破
"位置:5.0,设施:5.0,服务:5.0,卫生:5.0",5,商务出差,2017年10月入住,豪华标准间,0,交通方便，周围吃喝玩地方不少。
"位置:4.0,设施:4.0,服务:3.0,卫生:4.0",3.8,商务出差,2018年02月入住,豪华标准间,0,位置还不错的，有停车场，停车方差，旁边吃饭的地方也多，打车也方便，房间宽敞，卫生做的还可以，整体还不错。
"位置:4.0,设施:4.0,服务:3.0,卫生:4.0",3.8,商务出差,2018年02月入住,豪华标准间,0,位置还不错的，有停车场，停车方差，旁边吃饭的地方也多，打车也方便，房间宽敞，卫生做的还可以，整体还不错。
"位置:4.0,设施:4.0,服务:4.0,卫生:4.0",4,商务出差,2016年11月入住,标准间,0,早餐还可以，环境也不错，挨着过尊王超大酒店。开发区不叫繁华地带，去中冶北方比较的方便，周边有水果店，吃饭也不远。
"位置:5.0,设施:4.0,服务:5.0,卫生:4.0",4.5,商务出差,2017年08月入住,标准间,0,去海滨非常方便，酒店条件很好，很热门。
"位置:5.0,设施:5.0,服务:5.0,卫生:5.0",5,商务出差,2017年02月入住,豪华标准间,,酒店地理位置比较繁华，酒店免费给升级了房间，房间宽敞明亮，很干净，早餐种类很多。
"位置:5.0,设施:3.0,服务:1.0,卫生:4.0",3.3,家庭亲子,2016年10月入住,标准间,,房间比较宽敞，还算舒适。结账太慢...pos机太烂赶紧换 早上赶船比较着急 耽误结账走人 不然我就要掰扯一下 擦脖子姜药膏带颜色的 蹭了点在枕套上 你洗都不洗就说是染发剂 洗不掉 收我钱！ 我自己在家天天用的 懒得跟你计较着急赶船 不差你这点钱  明显感觉店大却抠搜的
"位置:4.0,设施:3.0,服务:4.0,卫生:4.0",3.8,商务出差,2017年03月入住,豪华标准间,0,酒店还可以，出行也算方便
"位置:4.0,设施:4.0,服务:5.0,卫生:4.0",4.3,商务出差,2018年05月入住,豪华标准间,0,前台服务好
"位置:3.0,设施:4.0,服务:4.0,卫生:4.0",3.8,商务出差,2017年11月入住,豪华标准间,0,吃饭不太方便，总体一般。
"位置:5.0,设施:5.0,服务:5.0,卫生:5.0",5,商务出差,2018年04月入住,标准间,0,性价比高 方便
"位置:5.0,设施:5.0,服务:5.0,卫生:5.0",5,代人预订,2018年04月入住,商务间,0,没什么不好的。
"位置:5.0,设施:5.0,服务:5.0,卫生:5.0",5,商务出差,2017年05月入住,标准间,0,酒店位于开发区，交通方便。酒店硬件设施很好，服务热情。
"位置:5.0,设施:5.0,服务:5.0,卫生:5.0",5,商务出差,2018年01月入住,标准间,0,价格便宜，整体满意
"位置:4.0,设施:3.0,服务:3.0,卫生:3.0",3.3,商务出差,2017年03月入住,标准间,0,出差很适合住这里，性价比高，周边饭店娱乐便利齐全，下次还会来
"位置:5.0,设施:5.0,服务:5.0,卫生:5.0",5,商务出差,2017年12月入住,豪华标准间,0,各方面都很好，很人性化
"位置:3.0,设施:3.0,服务:4.0,卫生:3.0",3.3,家庭亲子,2018年10月入住,标准间,0,离大连市区较远，酒店设施较旧。
"位置:5.0,设施:5.0,服务:5.0,卫生:5.0",5,朋友出游,2017年10月入住,标准间,0,周边餐饮很方便。地理位置很好。
"位置:5.0,设施:5.0,服务:5.0,卫生:5.0",5,家庭亲子,2017年10月入住,标准间,0,#完美服务# \n#房间干净# \n#设施齐全#
"位置:5.0,设施:5.0,服务:5.0,卫生:5.0",5,商务出差,2018年01月入住,标准间,0,方便卫生值得推荐
"位置:5.0,设施:5.0,服务:5.0,卫生:5.0",5,家庭亲子,2017年04月入住,标准间,0,本身大连的位宿标准及环境都不错，新海天的环境依然如初，
"位置:4.0,设施:4.0,服务:4.0,卫生:4.0",4,商务出差,2017年12月入住,豪华标准间,0,商务出差之选，还不错👍
"位置:5.0,设施:5.0,服务:5.0,卫生:5.0",5,代人预订,2018年03月入住,标准间,0,环境好；很喜欢
"位置:5.0,设施:5.0,服务:5.0,卫生:5.0",5,商务出差,2017年07月入住,豪华标准间,0,酒店服务很好，环境业很不错，住着很舒适！
"位置:5.0,设施:5.0,服务:5.0,卫生:5.0",5,商务出差,2019年05月入住,标准间,0,出行很方便
"位置:5.0,设施:4.0,服务:5.0,卫生:5.0",4.8,商务出差,2018年03月入住,豪华标准间,0,很不错，早餐很好
"位置:5.0,设施:5.0,服务:5.0,卫生:5.0",5,商务出差,2018年03月入住,标准间,0,干净，环境可以
"位置:5.0,设施:5.0,服务:5.0,卫生:5.0",5,商务出差,2016年09月入住,行政商务间,0,不错，有机会还会再光顾！
"位置:5.0,设施:5.0,服务:5.0,卫生:5.0",5,商务出差,2017年09月入住,标准间,0,酒店位置很好，交通便利，附近步行范围内就有几个景点。餐厅很有特色，也很有情调，二楼中餐厅的私房萝卜饼特别好吃，早餐在一楼西餐厅，中西餐都有，品种较多。房间很宽敞，也很干净卫生，设施齐全。
"位置:4.0,设施:3.0,服务:3.0,卫生:4.0",3.5,商务出差,2017年11月入住,豪华标准间,0,酒店位置好，周边吃饭方便， 装修很老了，设施也旧，需要重新装修了， 房间不是很大，早餐很丰富，很好，暖气给力。
"位置:4.0,设施:3.0,服务:3.0,卫生:3.0",3.3,商务出差,2017年11月入住,豪华标准间,0,酒店位置好，周边吃饭方便， 装修很老了，设施也旧，需要重新装修了， 房间不是很大，早餐很丰富，很好，暖气给力。
"位置:5.0,设施:4.0,服务:4.0,卫生:4.0",4.3,家庭亲子,2017年11月入住,标准间,0,早餐很不错，选择比较多
"位置:5.0,设施:5.0,服务:5.0,卫生:5.0",5,商务出差,2017年08月入住,标准间,0,早餐非常好，周边安静，打车方便
"位置:5.0,设施:5.0,服务:5.0,卫生:5.0",5,家庭亲子,2018年10月入住,标准间,,环境不错，周边有很多美食
"位置:5.0,设施:5.0,服务:5.0,卫生:5.0",5,商务出差,2017年11月入住,豪华标准间,,环境，卫生，服务都很好。
"位置:4.0,设施:4.0,服务:4.0,卫生:4.0",4,商务出差,2017年10月入住,标准间,0,酒店不大，周围环境还好，吃饭购物很方便。前台很热情，服务很好，房间卫生也很好，总体来说物有所值，推荐入住！
"位置:4.0,设施:4.0,服务:4.0,卫生:4.0",4,商务出差,2017年08月入住,标准间,0,老酒店，设施很旧。服务还可以
"位置:4.0,设施:4.0,服务:4.0,卫生:4.0",4,商务出差,2019年01月入住,标准间,0,酒店挺好的，方便
"位置:5.0,设施:5.0,服务:5.0,卫生:5.0",5,朋友出游,2017年05月入住,标准间,0,房间卫生很好，没有异味。设施环境都不错
"位置:5.0,设施:4.0,服务:5.0,卫生:4.0",4.5,家庭亲子,2016年08月入住,标准间,,288元携程预订了一晚门店388元的酒店，先看了房，感觉不错，4星标准，值这个价钱。房间装修规格、设施都符合标准，就是有点旧。房间安静，整洁，服务态度好，周边吃、玩都很便利，距离金石滩黄金海岸23公里，距离星海广场32公里，交通便利，对面是永和豆浆，晚上附近有海鲜烧烤，饭店选择多，值得推荐。
"位置:5.0,设施:5.0,服务:5.0,卫生:5.0",5,家庭亲子,2016年08月入住,标准间,,这个酒店真的不错，个人认为是大连性价比很高的酒店，房间很大而且很干净，周围有超市、医院等设施，因距离市区较远所以人和车相对较少，位置在市区与金石滩景区之间，去金石滩和发现王国非常方便，离市区较远的好处是消费也相对较低，没有旅游区的宰客现象，酒店周围有很多家各具特色的美食，非常棒！
"位置:5.0,设施:4.0,服务:5.0,卫生:5.0",4.8,家庭亲子,2017年10月入住,豪华标准间,0,房间挺干净，环境也安静。
"位置:5.0,设施:5.0,服务:5.0,卫生:5.0",5,家庭亲子,2017年10月入住,标准间,0,干净，整洁，服务态度很好！
"位置:5.0,设施:5.0,服务:4.0,卫生:5.0",4.8,家庭亲子,2016年08月入住,标准间,0,带孩子老婆度假，给免费加床，酒店四星标准，不带早餐，附近吃饭倒也方便，就是离景区景点和海滨浴场太远，房间备品需要要。
"位置:5.0,设施:5.0,服务:5.0,卫生:5.0",5,商务出差,2019年02月入住,标准间,0,交通便利 很好
"位置:5.0,设施:5.0,服务:5.0,卫生:5.0",5,情侣出游,2017年01月入住,豪华标准间,0,性价比高，冬天卫生间有点冷，房间环境很好，周围吃饭的地方很多
"位置:5.0,设施:5.0,服务:5.0,卫生:5.0",5,朋友出游,2016年08月入住,标准间,,酒店环境非常好，干净卫生，有家的温馨。我是在网上订购的四间房，到宾馆后客服美女非常热心帮助免费升级了两间房，我们先是订购一晚，因为感觉性价比很高后来又连续住了三晚，总之在新海天国际酒店入住非常满意非常开心。
"位置:4.0,设施:4.0,服务:4.0,卫生:4.0",4,商务出差,2017年09月入住,标准间,0,总体不错，周边吃饭方便
"位置:5.0,设施:4.0,服务:3.0,卫生:4.0",4,商务出差,2017年08月入住,豪华标准间,0,前台人員太少，開票速度太慢了
"位置:4.0,设施:3.0,服务:4.0,卫生:4.0",3.8,家庭亲子,2016年08月入住,豪华标准间,0,空调半夜就不冷了，明显又是为了省电关闭了几组多联机组……牙具只有两个空盒，幸亏自己带了……二楼餐厅吃饭结账要到一楼，太麻烦。
"位置:5.0,设施:4.0,服务:5.0,卫生:4.0",4.5,家庭亲子,2016年08月入住,标准间,0,很赞的酒店，虽然设施有些旧了，但是房间宽敞， 住起来很舒服的，卫生间热水也特别好，水流很大，对面就是永和豆浆，早餐也好解决
"位置:4.0,设施:4.0,服务:3.0,卫生:4.0",3.8,其它,2017年01月入住,行政商务间,0,打扫卫生阿姨一早上敲了三遍门 能能让人睡个安稳觉 太讨厌了
"位置:5.0,设施:4.0,服务:5.0,卫生:5.0",4.8,独自旅行,2017年10月入住,标准间,0,交通便利，服务态度好。
"位置:5.0,设施:5.0,服务:5.0,卫生:5.0",5,商务出差,2017年04月入住,标准间,0,这个价位挺好，有大停车场，出差放车比较方便
"位置:3.0,设施:2.0,服务:3.0,卫生:2.0",2.5,商务出差,2018年03月入住,豪华标准间,0,设备设施老旧
"位置:5.0,设施:5.0,服务:5.0,卫生:5.0",5,商务出差,2018年03月入住,豪华标准间,0,非常得不错
"位置:5.0,设施:5.0,服务:5.0,卫生:5.0",5,朋友出游,2018年02月入住,标准间,0,非常满意，很好。
"位置:5.0,设施:5.0,服务:5.0,卫生:5.0",5,其它,2017年09月入住,标准间,,酒店干净，设施齐备，服务态度很好。尤其是酒店的自助晚餐很有特色。酒店地理位置也很好，离海边和童牛岭很近。
"位置:5.0,设施:4.0,服务:5.0,卫生:4.0",4.5,商务出差,2018年03月入住,标准间,0,是四星级吗？
"位置:5.0,设施:5.0,服务:5.0,卫生:5.0",5,商务出差,2017年09月入住,商务间,0,酒店交通方便，房间干净。
"位置:5.0,设施:5.0,服务:5.0,卫生:5.0",5,商务出差,2017年07月入住,标准间,0,酒店服务设施周边环境都满意
"位置:5.0,设施:5.0,服务:5.0,卫生:5.0",5,商务出差,2017年11月入住,标准间,0,非常满意，服务周到
"位置:5.0,设施:5.0,服务:5.0,卫生:5.0",5,商务出差,2016年07月入住,标准间,,回大连多次，但第一次住这个酒店，以前只知道一楼的烤肉，这次真正住下来，感觉四星的条件还是具备的，前台、客房的服务都比较热情，健身的部分没有体验，无法评价，位置不算最好，但无论去商业区还是海边都比较近，出租起步价。
"位置:5.0,设施:5.0,服务:5.0,卫生:5.0",5,商务出差,2016年09月入住,标准间,0,第一次来大连入住海天，感觉环境好，服务周到，比较满意！已经入住一个礼拜了，一如既往的服务，下次还会选择海天！
"位置:5.0,设施:5.0,服务:5.0,卫生:5.0",5,朋友出游,2018年10月入住,豪华标准间,0,朋友过来玩，感觉很好
"位置:5.0,设施:4.0,服务:4.0,卫生:5.0",4.5,家庭亲子,2017年10月入住,豪华标准间,0,环境还不错，交通方便。
"位置:5.0,设施:5.0,服务:5.0,卫生:5.0",5,独自旅行,2018年03月入住,标准间,0,干净，挺好的
"位置:5.0,设施:5.0,服务:5.0,卫生:5.0",5,商务出差,2017年06月入住,豪华标准间,0,每次来开发区都住这里，还好啦
"位置:4.0,设施:4.0,服务:4.0,卫生:4.0",4,商务出差,2017年07月入住,标准间,0,房间卫生可以，周边交通便利
"位置:4.0,设施:4.0,服务:4.0,卫生:4.0",4,商务出差,2017年02月入住,标准间,0,服务好，卫生干净，早餐也可以，位置也很好，附近有很多饭店。
"位置:5.0,设施:4.0,服务:5.0,卫生:5.0",4.8,商务出差,2016年07月入住,标准间,,到店后，说是参与调查免费升级房间，棒棒的；酒店位置不错，周边吃喝方便；设施设备虽然老旧，但是该有的都有，而且干净卫生，这点很好；员工热情耐心，服务态度好；Wifi信号不足，高层（11层）可以收到信号，但是连不上，一层大堂信号稳定
"位置:5.0,设施:5.0,服务:5.0,卫生:5.0",5,情侣出游,2016年07月入住,标准间,,各方面都很满意，环境很干净，住起来也很舒适，服务也特别特别棒！办理入住的时候出了点小意外，不过前台非常专业的解决了问题，很赞~
"位置:5.0,设施:5.0,服务:5.0,卫生:5.0",5,朋友出游,2017年03月入住,标准间,0,各方面都不错，地理位置，卫生环境很好，很安静
"位置:5.0,设施:5.0,服务:5.0,卫生:5.0",5,商务出差,2018年04月入住,标准间,0,干净卫生
"位置:5.0,设施:5.0,服务:5.0,卫生:5.0",5,商务出差,2017年09月入住,豪华标准间,0,早晚餐自助很不错的
"位置:5.0,设施:5.0,服务:5.0,卫生:5.0",5,商务出差,2017年03月入住,标准间,0,免费升级了房间，很不错！酒店很好找，出行方便！
"位置:5.0,设施:5.0,服务:5.0,卫生:5.0",5,商务出差,2018年06月入住,标准间,0,地点还算便利，后续还会过来入住！！！！
"位置:5.0,设施:5.0,服务:5.0,卫生:5.0",5,商务出差,2016年12月入住,标准间,0,酒店位置好，出行方便。房间设施齐全干净卫生，早餐丰富，超级赞！！
"位置:1.0,设施:1.0,服务:1.0,卫生:1.0",1,商务出差,2018年04月入住,悦享水床房,0,空调坏的。。。。。
"位置:5.0,设施:5.0,服务:5.0,卫生:5.0",5,家庭亲子,2017年07月入住,标准间,0,四楼的房间比9楼的就差不少了
"位置:5.0,设施:5.0,服务:5.0,卫生:5.0",5,家庭亲子,2017年07月入住,标准间,0,酒店工作人员服务很热情
"位置:5.0,设施:5.0,服务:5.0,卫生:5.0",5,情侣出游,2016年12月入住,标准间,0,酒店周边比较便利，但是配套设施不是很完善，希望会做的更好
"位置:5.0,设施:5.0,服务:5.0,卫生:5.0",5,商务出差,2017年05月入住,标准间,0,首次入住，感觉还行。楼下小烧烤不错
"位置:5.0,设施:4.0,服务:5.0,卫生:5.0",4.8,独自旅行,2018年03月入住,标准间,0,一如既往的好。这次还免费升级，非常感谢。
"位置:5.0,设施:5.0,服务:5.0,卫生:5.0",5,商务出差,2017年06月入住,标准间,,可以开增值税专票，隔海很近
"位置:3.0,设施:3.0,服务:3.0,卫生:3.0",3,商务出差,2017年04月入住,标准间,0,沒有所謂的空氣清潔器。                                房間比較陳舊。
"位置:4.0,设施:1.0,服务:5.0,卫生:2.0",3,商务出差,2017年11月入住,标准间,0,淋浴房花洒差评
"位置:5.0,设施:5.0,服务:5.0,卫生:5.0",5,家庭亲子,2017年11月入住,标准间,0,服务态度非常好。
"位置:5.0,设施:5.0,服务:5.0,卫生:5.0",5,商务出差,2017年11月入住,标准间,0,周围美食多，方便
"位置:4.0,设施:5.0,服务:5.0,卫生:4.0",4.5,商务出差,2017年08月入住,标准间,0,升级了水床房，非常舒服，前台小姐态度热情 就是房间卫生差点，杯子都不干净，总体可以吧，卫生希望改善
"位置:5.0,设施:5.0,服务:5.0,卫生:5.0",5,商务出差,2017年12月入住,标准间,0,挺好的，还不错
"位置:5.0,设施:5.0,服务:5.0,卫生:5.0",5,家庭亲子,2016年10月入住,标准间,0,环境不错，虽然离主要景点有些远，可是价格在市区只能租快捷，所以选这是明智的。
"位置:4.0,设施:4.0,服务:4.0,卫生:4.0",4,朋友出游,2017年09月入住,,0,各种一般，好多韩国人，
"位置:4.0,设施:4.0,服务:5.0,卫生:5.0",4.5,商务出差,2017年03月入住,标准间,0,酒店很干净，服务态度也不错。下次还会入住。
"位置:5.0,设施:5.0,服务:5.0,卫生:5.0",5,独自旅行,2017年08月入住,行政商务间,0,酒店环境挺好。干净整洁
"位置:5.0,设施:4.0,服务:5.0,卫生:5.0",4.8,商务出差,2016年07月入住,标准间,0,周围很热闹，高端饭店，夜市小店都有方圆一公里内都能满足，服务态度很好，免费给升级了房间，，有免费的无线网络
"位置:5.0,设施:5.0,服务:5.0,卫生:5.0",5,情侣出游,2017年06月入住,标准间,0,环境很好，离繁华市区很近，很方便。
"位置:5.0,设施:4.0,服务:5.0,卫生:5.0",4.8,商务出差,2017年06月入住,标准间,0,酒店位置不错，离大连开发区金马路商圈很近，周围有安盛，麦凯乐等大型商场。酒店服务很好，房间干净卫生，但是房间里有一点点霉味，早餐不是很丰盛。
"位置:5.0,设施:4.0,服务:5.0,卫生:5.0",4.8,朋友出游,2017年08月入住,标准间,0,适合带孩子，有停车场
"位置:5.0,设施:5.0,服务:5.0,卫生:5.0",5,商务出差,2018年01月入住,行政商务间,0,很好，房间很大
"位置:5.0,设施:4.0,服务:5.0,卫生:5.0",4.8,商务出差,2017年03月入住,行政商务间,0,不错，房间舒适，距离海边散步也就半小时。
"位置:5.0,设施:4.0,服务:5.0,卫生:5.0",4.8,商务出差,2016年07月入住,标准间,,酒店环境很好很干净整洁，服务态度也很好，工作人员都很认真负责，以后来大连还会再来这里住，也会推荐给朋友。赞一个！！
"位置:4.0,设施:4.0,服务:4.0,卫生:4.0",4,商务出差,2017年03月入住,标准间,0,作为商务出差很方便、经济开发区首选。
"位置:5.0,设施:5.0,服务:5.0,卫生:5.0",5,商务出差,2017年05月入住,标准间,0,非常好，很满意！到店后免费升级行政房，设施虽然有点旧但很上档次，干净整洁住的很舒心。地段也很棒，到机场火车站便利。下次再来大连还会考虑继续入住。
"位置:5.0,设施:5.0,服务:5.0,卫生:5.0",5,商务出差,2017年08月入住,标准间,0,挺不错，楼下自助餐还不错。
"位置:4.0,设施:4.0,服务:4.0,卫生:4.0",4,商务出差,2016年12月入住,豪华标准间,0,便宜 方便 快速
"位置:4.0,设施:4.0,服务:4.0,卫生:4.0",4,商务出差,2019年01月入住,标准间,0,一般般的酒店
"位置:5.0,设施:5.0,服务:5.0,卫生:5.0",5,朋友出游,2018年07月入住,标准间,0,性价比超高，地理位置好
"位置:5.0,设施:5.0,服务:5.0,卫生:5.0",5,商务出差,2018年07月入住,悦享水床房,0,干净，舒适，服务态度很好
"位置:4.0,设施:4.0,服务:4.0,卫生:4.0",4,商务出差,2018年05月入住,豪华标准间,0,哈哈哈还好还好
"位置:4.0,设施:4.0,服务:4.0,卫生:4.0",4,商务出差,2016年09月入住,豪华标准间,0,头一次出差住这里，感觉还可以、交通位置都比较方便，周围也够繁华，不错，下次还会入住
"位置:5.0,设施:5.0,服务:5.0,卫生:5.0",5,朋友出游,2017年10月入住,标准间,0,还好吧，挺舒适的！
"位置:5.0,设施:5.0,服务:5.0,卫生:5.0",5,商务出差,2016年12月入住,标准间,,房间免费升级了，服务态度特别好，还给赠送了水果，特别感谢
"位置:5.0,设施:5.0,服务:5.0,卫生:5.0",5,商务出差,2018年08月入住,商务间,0,干净舒适服务态度好
"位置:5.0,设施:5.0,服务:5.0,卫生:5.0",5,商务出差,2019年01月入住,悦享水床房,0,干净，服务好
"位置:5.0,设施:3.0,服务:5.0,卫生:5.0",4.5,家庭亲子,2017年09月入住,标准间,0,设施有点老了，还行
"位置:5.0,设施:5.0,服务:5.0,卫生:5.0",5,情侣出游,2016年10月入住,标准间,0,干净舒适，非常满意，强烈推荐！
"位置:5.0,设施:5.0,服务:5.0,卫生:5.0",5,家庭亲子,2016年07月入住,标准间,,干净卫生，服务热心，酒店性价比超高，周边配套设施齐全，出门有个淮阳楼，大肉包子非常好
"位置:5.0,设施:5.0,服务:5.0,卫生:5.0",5,商务出差,2017年07月入住,商务间,0,周边简直是酒店一条街，好多酒店，门口正对面是一个大的水果超市，饭店也沿街都是，购物吃饭都很方便，价格也便宜
"位置:5.0,设施:5.0,服务:5.0,卫生:5.0",5,商务出差,2018年08月入住,商务间,0,干净，舒适，服务态度好
"位置:5.0,设施:5.0,服务:5.0,卫生:5.0",5,家庭亲子,2017年07月入住,标准间,0,干净整洁，服务态度好！
"位置:5.0,设施:5.0,服务:5.0,卫生:5.0",5,商务出差,2016年08月入住,标准间,0,这个酒店设施不错，环境位置都好。免费给升级了房间，传说中的福利终于升级了房间，满意，干净清爽
"位置:5.0,设施:5.0,服务:5.0,卫生:5.0",5,商务出差,2016年08月入住,标准间,,环境优雅，品味高尚，真的是以后差旅的好选择，我会继续选择你们，一如既往地支持你们，希望以后会更好！！
"位置:5.0,设施:5.0,服务:5.0,卫生:5.0",5,商务出差,2017年05月入住,标准间,0,酒店不错，装修稍稍显老旧。总体不错！
"位置:4.0,设施:4.0,服务:5.0,卫生:4.0",4.3,家庭亲子,2016年10月入住,标准间,0,前台服务很好 酒店环境不错，在黄海西路上有很多家饭店 都不错 周围环境也好 推荐。
"位置:5.0,设施:5.0,服务:5.0,卫生:5.0",5,商务出差,2017年06月入住,标准间,0,很不错，性价比高，值得推荐
"位置:5.0,设施:5.0,服务:5.0,卫生:5.0",5,商务出差,2017年03月入住,豪华标准间,0,酒店干净整洁，早餐不错，性价比很高
"位置:5.0,设施:5.0,服务:5.0,卫生:5.0",5,商务出差,2017年02月入住,豪华标准间,0,多次入住，环境好，设施齐全，服务态度好。下次再入住。
"位置:5.0,设施:5.0,服务:5.0,卫生:5.0",5,商务出差,2018年05月入住,悦享水床房,0,还不错
"位置:5.0,设施:5.0,服务:5.0,卫生:5.0",5,商务出差,2017年11月入住,标准间,0,很不错的酒店
"位置:5.0,设施:5.0,服务:5.0,卫生:5.0",5,商务出差,2017年05月入住,悦享水床房,0,每次去大连的首选下榻之处
"位置:5.0,设施:4.0,服务:5.0,卫生:3.0",4.3,商务出差,2017年08月入住,标准间,0,酒店设施有点老旧…
"位置:5.0,设施:5.0,服务:5.0,卫生:5.0",5,商务出差,2017年02月入住,标准间,0,不错！就是房间有点装修的味道，还可以
"位置:5.0,设施:5.0,服务:5.0,卫生:5.0",5,商务出差,2016年12月入住,标准间,0,服务好。
"位置:5.0,设施:5.0,服务:5.0,卫生:5.0",5,商务出差,2017年07月入住,标准间,0,周边很便利，酒店舒适.\n
"位置:2.0,设施:3.0,服务:3.0,卫生:2.0",2.5,朋友出游,2017年10月入住,标准间,0,酒店\n太一般了，
"位置:5.0,设施:5.0,服务:5.0,卫生:5.0",5,商务出差,2017年08月入住,标准间,0,服务热情，环境干净
"位置:5.0,设施:5.0,服务:5.0,卫生:5.0",5,商务出差,2018年04月入住,标准间,0,还不错，
"位置:5.0,设施:5.0,服务:5.0,卫生:5.0",5,商务出差,2017年10月入住,商务间,0,干净整洁挺好
"位置:4.0,设施:3.0,服务:5.0,卫生:4.0",4,朋友出游,2017年10月入住,豪华标准间,0,环境干净整洁
"位置:5.0,设施:5.0,服务:5.0,卫生:5.0",5,家庭亲子,2016年10月入住,标准间,0,服务特别好，酒店也很干净，天天会有人过来打扫，非常不错，下次还会来！
"位置:5.0,设施:5.0,服务:5.0,卫生:5.0",5,代人预订,2016年07月入住,标准间,,酒店设施齐全，干净整洁，服务态度好，周边环境好。
"位置:5.0,设施:5.0,服务:5.0,卫生:5.0",5,商务出差,2017年08月入住,行政商务间,0,酒店不错，性价比高。
"位置:5.0,设施:5.0,服务:5.0,卫生:5.0",5,家庭亲子,2017年05月入住,标准间,0,服务态度好，入住比较舒适
"位置:5.0,设施:5.0,服务:5.0,卫生:5.0",5,家庭亲子,2017年01月入住,标准间,,第一次带孩子入住，环境非常好，下次还会继续入住。
"位置:5.0,设施:5.0,服务:5.0,卫生:5.0",5,家庭亲子,2016年10月入住,标准间,0,为第二天坐船去烟台选的酒店，性价比很高，酒店附近吃东西也很方便。
"位置:5.0,设施:5.0,服务:5.0,卫生:5.0",5,情侣出游,2017年08月入住,标准间,0,价格便宜 房间干净
"位置:5.0,设施:5.0,服务:5.0,卫生:5.0",5,家庭亲子,2017年03月入住,标准间,0,房间干净整洁，服务不错，位置方便
"位置:5.0,设施:5.0,服务:5.0,卫生:5.0",5,商务出差,2018年09月入住,悦享水床房,0,干净，舒适，服务好
"位置:5.0,设施:5.0,服务:5.0,卫生:5.0",5,商务出差,2018年09月入住,悦享水床房,0,干净，服务态度好
"位置:5.0,设施:5.0,服务:5.0,卫生:5.0",5,商务出差,2017年02月入住,豪华标准间,0,前台服务很好，附近饭店多，非常不错
"位置:5.0,设施:5.0,服务:5.0,卫生:5.0",5,商务出差,2018年04月入住,豪华标准间,0,不错很不错
"位置:5.0,设施:5.0,服务:5.0,卫生:5.0",5,商务出差,2018年04月入住,豪华标准间,0,挺好的
"位置:5.0,设施:5.0,服务:5.0,卫生:5.0",5,代人预订,2018年10月入住,行政商务间,0,很好，比较满意
"位置:4.0,设施:5.0,服务:5.0,卫生:5.0",4.8,商务出差,2017年05月入住,悦享水床房,0,基本都还不错啦，商务出差也不会提什么特别高的要求，设施基本齐全，周边配套房间卫生情况尚可，有早餐就行。
"位置:5.0,设施:5.0,服务:5.0,卫生:5.0",5,家庭亲子,2016年08月入住,标准间,0,酒店干净卫生，共计住了3天，就是房间被子有点潮，其它的都挺好的，值得推荐！
"位置:5.0,设施:5.0,服务:5.0,卫生:5.0",5,代人预订,2017年05月入住,标准间,0,开发区值得推荐的酒店
"位置:5.0,设施:4.0,服务:5.0,卫生:4.0",4.5,情侣出游,2017年10月入住,标准间,0,位置较为尴尬
"位置:5.0,设施:5.0,服务:5.0,卫生:5.0",5,家庭亲子,2018年10月入住,标准间,0,酒店很干净 很好
"位置:5.0,设施:5.0,服务:5.0,卫生:5.0",5,商务出差,2017年08月入住,标准间,0,酒店性价比很高
"位置:5.0,设施:5.0,服务:5.0,卫生:5.0",5,商务出差,2017年08月入住,标准间,0,总体来说还不错
"位置:4.0,设施:4.0,服务:5.0,卫生:5.0",4.5,情侣出游,2017年04月入住,标准间,0,每次到大连都来这家酒店
"位置:5.0,设施:4.0,服务:4.0,卫生:5.0",4.5,商务出差,2017年05月入住,标准间,0,酒店比较干净，设施齐全。
"位置:5.0,设施:5.0,服务:5.0,卫生:5.0",5,商务出差,2018年03月入住,标准间,0,还不错
"位置:5.0,设施:5.0,服务:5.0,卫生:5.0",5,商务出差,2016年09月入住,标准间,0,非常不错的酒店，环境好，设备齐全，重点是住的舒服，交通便利
"位置:5.0,设施:5.0,服务:5.0,卫生:5.0",5,商务出差,2016年11月入住,标准间,0,酒店环境不错，交通也很方便，也很有档次，总之来说挺不错的。
"位置:4.0,设施:4.0,服务:5.0,卫生:4.0",4.3,家庭亲子,2016年07月入住,豪华标准间,,房间面积较小，走廊也有点压抑感。但房内设施，卫生都不错。特别是服务态度很好！点赞👍
"位置:1.0,设施:1.0,服务:1.0,卫生:1.0",1,独自旅行,2017年07月入住,标准间,0,房子一点都不隔音，
"位置:4.0,设施:4.0,服务:3.0,卫生:5.0",4,商务出差,2017年07月入住,标准间,0,早餐不错，停车不方便
"位置:5.0,设施:5.0,服务:5.0,卫生:5.0",5,商务出差,2017年07月入住,标准间,0,还不错 性价比可以
"位置:4.0,设施:3.0,服务:3.0,卫生:3.0",3.3,商务出差,2016年10月入住,标准间,0,位置不错，设施一般，                       服务态度也一般！房间有点陈旧，凑合吧
"位置:5.0,设施:5.0,服务:5.0,卫生:5.0",5,商务出差,2017年01月入住,标准间,0,四星级酒店，整个环境很好，早餐环境很优越
"位置:5.0,设施:5.0,服务:5.0,卫生:5.0",5,商务出差,2017年11月入住,标准间,0,服务很好的
"位置:5.0,设施:5.0,服务:5.0,卫生:5.0",5,商务出差,2018年07月入住,标准间,0,非常好的入住体验
"位置:5.0,设施:5.0,服务:5.0,卫生:5.0",5,家庭亲子,2016年07月入住,豪华标准间,0,这个温泉酒店真的是不虚此行，酒店房间，温泉，周边环境，餐饮，消费价格，全部物超所值
"位置:5.0,设施:5.0,服务:5.0,卫生:5.0",5,商务出差,2016年07月入住,标准间,,酒店地理位置在开发区中心，房间面积挺大，住着挺舒适。早餐也不错。性价比好。
"位置:5.0,设施:5.0,服务:5.0,卫生:5.0",5,商务出差,2018年01月入住,豪华标准间,0,非常好 还会再来 来着去开会的 特别舒心非常好 还会再来 来着去开会的 特别舒心非常好 还会再来 来着去开会的 特别舒心
"位置:4.0,设施:4.0,服务:4.0,卫生:4.0",4,商务出差,2017年05月入住,标准间,0,卫生不错，设施略显陈旧
"位置:5.0,设施:5.0,服务:5.0,卫生:5.0",5,商务出差,2017年02月入住,标准间,0,早餐东西少了点，其他的都很好
"位置:4.0,设施:2.0,服务:3.0,卫生:4.0",3.3,商务出差,2018年06月入住,标准间,0,东西陈旧，服务一般
"位置:3.0,设施:3.0,服务:3.0,卫生:3.0",3,家庭亲子,2017年08月入住,行政商务间,0,酒店房间比较小
"位置:5.0,设施:5.0,服务:5.0,卫生:5.0",5,独自旅行,2018年07月入住,行政商务间,0,不错 很干净。满意
"位置:5.0,设施:5.0,服务:5.0,卫生:5.0",5,商务出差,2016年11月入住,标准间,0,酒店入住非常愉快 服务周到 软硬设施都不错
"位置:5.0,设施:5.0,服务:5.0,卫生:5.0",5,商务出差,2017年05月入住,标准间,0,房间有点老，位置不错
"位置:5.0,设施:5.0,服务:5.0,卫生:5.0",5,商务出差,2017年04月入住,标准间,0,吃饭方便，酒店环境挺好
"位置:4.0,设施:3.0,服务:4.0,卫生:3.0",3.5,朋友出游,2017年09月入住,标准间,0,比较旧的宾馆
"位置:5.0,设施:5.0,服务:5.0,卫生:5.0",5,商务出差,2016年11月入住,标准间,,经常入住该酒店，酒店是四星级，经常推出特价房，周边吃饭的地方比较多，日本料理特别多，早餐50，酒店对面就是永和豆浆，吃早餐也方便。
"位置:5.0,设施:5.0,服务:5.0,卫生:5.0",5,商务出差,2017年05月入住,标准间,0,位置很不错.周边吃的也比较多.对面就是别墅区
"位置:4.0,设施:4.0,服务:4.0,卫生:5.0",4.3,商务出差,2017年06月入住,标准间,0,还可以，地理位置好
"位置:5.0,设施:5.0,服务:5.0,卫生:5.0",5,朋友出游,2017年07月入住,标准间,0,各方面都很不错
"位置:5.0,设施:4.0,服务:5.0,卫生:5.0",4.8,商务出差,2017年04月入住,行政商务间,0,酒店床还可以，早餐一般
"位置:5.0,设施:5.0,服务:5.0,卫生:5.0",5,家庭亲子,2016年08月入住,豪华套房,0,不锚干净好漂亮的
"位置:4.0,设施:4.0,服务:4.0,卫生:4.0",4,家庭亲子,2017年08月入住,标准间,0,还是比较满意
"位置:5.0,设施:5.0,服务:5.0,卫生:5.0",5,商务出差,2019年06月入住,标准间,0,很好(✪▽✪)
"位置:5.0,设施:5.0,服务:5.0,卫生:5.0",5,代人预订,2017年12月入住,标准间,0,出行便利 
"位置:5.0,设施:5.0,服务:5.0,卫生:5.0",5,商务出差,2016年07月入住,标准间,,非常不错~属于开发区比较好的位置~下次还住~停车场也比较大，离滨海路非常近~~非常不错~属于开发区比较好的位置
"位置:4.0,设施:4.0,服务:4.0,卫生:4.0",4,商务出差,2017年02月入住,豪华标准间,0,不知道怎么样，帮出差的人定的。不知道怎么样，帮出差的人定的。不知道怎么样，帮出差的人定的。不知道怎么样，帮出差的人定的。
"位置:4.0,设施:4.0,服务:4.0,卫生:4.0",4,商务出差,2017年02月入住,标准间,0,服务到位，酒店地理位置也不错
"位置:5.0,设施:5.0,服务:5.0,卫生:5.0",5,商务出差,2016年03月入住,标准间,0,整体装修不错，房间挺宽敞的，卫生也很干净，相比某些四星酒店还能看到小强的房间好太多了，价格也不贵，总体来说推荐
"位置:5.0,设施:5.0,服务:5.0,卫生:5.0",5,商务出差,2016年11月入住,商务间,0,好
"位置:5.0,设施:5.0,服务:5.0,卫生:5.0",5,商务出差,2017年08月入住,悦享水床房,0,每次到大连的首选，自助晚餐不错，海鲜和烧烤吸引着我
"位置:5.0,设施:5.0,服务:4.0,卫生:5.0",4.8,家庭亲子,2017年10月入住,豪华标准间,0,总体还可以。
"位置:4.0,设施:3.0,服务:3.0,卫生:5.0",3.8,朋友出游,2017年10月入住,标准间,0,早餐怎么样
"位置:5.0,设施:5.0,服务:5.0,卫生:5.0",5,情侣出游,2018年10月入住,标准间,0,挺好的 方便
"位置:5.0,设施:5.0,服务:5.0,卫生:5.0",5,代人预订,2017年08月入住,豪华标准间,0,酒店位置较好
"位置:4.0,设施:4.0,服务:4.0,卫生:4.0",4,其它,2017年08月入住,豪华标准间,0,周围环境一般
"位置:5.0,设施:5.0,服务:5.0,卫生:5.0",5,商务出差,2017年08月入住,标准间,0,酒店挺不错的！
"位置:4.0,设施:4.0,服务:4.0,卫生:4.0",4,商务出差,2018年07月入住,豪华标准间,0,老酒店，还可以了。
"位置:5.0,设施:4.0,服务:5.0,卫生:5.0",4.8,商务出差,2017年03月入住,标准间,0,总体不错，设施略显老代
"位置:5.0,设施:5.0,服务:5.0,卫生:5.0",5,商务出差,2017年06月入住,标准间,0,房间设施有些老旧，早餐不错，酒店工作人员很热情，下次还会考虑入住！
"位置:5.0,设施:5.0,服务:5.0,卫生:5.0",5,商务出差,2016年08月入住,标准间,0,多次入住该酒店，酒店条件还可以，四星酒店，特价房300元，不含早餐，但用携程优惠券100元 ，还是比较合算的，早餐50元，晚餐有自助餐，巴西烤肉也不错，访客88元一位，外来人员98元。
"位置:5.0,设施:5.0,服务:5.0,卫生:5.0",5,商务出差,2018年11月入住,标准间,0,好！！！！好！！！！好！！！！好！！！！好！！！！好！！！！好！！！！好！！！！好！！！！好！！！！好！！！！好！！！！
"位置:5.0,设施:5.0,服务:5.0,卫生:5.0",5,其它,2018年11月入住,悦享水床房,,好好好好好
"位置:3.0,设施:3.0,服务:3.0,卫生:1.0",2.5,商务出差,2017年11月入住,悦享水床房,0,很不卫生
"位置:5.0,设施:4.0,服务:5.0,卫生:5.0",4.8,商务出差,2016年10月入住,标准间,0,经常入住的酒店，酒店是四星酒店，条件不错，价格合理，晚餐有巴西考肉，早餐50元，如果嫌贵可以到酒店对面吃永和豆浆。
"位置:5.0,设施:5.0,服务:5.0,卫生:5.0",5,家庭亲子,2016年10月入住,标准间,0,本次住宿环境不错，室内很干净，服务很好～早餐也不错
"位置:5.0,设施:5.0,服务:5.0,卫生:5.0",5,其它,2018年09月入住,标准间,0,性价比最高
"位置:5.0,设施:5.0,服务:5.0,卫生:5.0",5,家庭亲子,2018年02月入住,豪华标准间,0,还不错
"位置:5.0,设施:5.0,服务:5.0,卫生:5.0",5,朋友出游,2017年08月入住,行政商务间,0,条件都比较好
"位置:5.0,设施:5.0,服务:5.0,卫生:5.0",5,商务出差,2017年11月入住,标准间,,态度很好
"位置:5.0,设施:5.0,服务:5.0,卫生:5.0",5,商务出差,2016年11月入住,标准间,0,开发区较好的酒店，停车餐饮都很方便。
"位置:4.0,设施:4.0,服务:4.0,卫生:4.0",4,商务出差,2017年12月入住,标准间,0,有窗户，不闷，而且定时清理，还不错呢
"位置:5.0,设施:4.0,服务:5.0,卫生:4.0",4.5,商务出差,2016年07月入住,标准间,0,性价比比较高的一家酒店，服务很热情，周边配套齐全，值得推荐。
"位置:5.0,设施:4.0,服务:5.0,卫生:5.0",4.8,商务出差,2016年08月入住,标准间,,酒店条件不错，住的是特价房318，服务热情，装修稍微老了一些，地毯该更新了，早餐50元，样式很多，吃饭方便，对面就是永和豆浆，晚餐还有自助巴西考肉，88元。不错，推荐入住。
"位置:5.0,设施:5.0,服务:5.0,卫生:5.0",5,商务出差,2016年08月入住,标准间,0,四星酒店，装修有点旧，主要是地毯有点不干净，看上去不太卫生，但还可以接受，酒店服务热情，比较耐心听你说事，酒店服务人员都比较客气，不错，推荐入住。
"位置:5.0,设施:5.0,服务:5.0,卫生:5.0",5,商务出差,2017年09月入住,悦享水床房,0,非常的满意
"位置:5.0,设施:5.0,服务:4.0,卫生:4.0",4.5,商务出差,2017年09月入住,标准间,0,服务比较慢
"位置:5.0,设施:5.0,服务:5.0,卫生:5.0",5,商务出差,2017年07月入住,标准间,0,不错，健身房健身了
"位置:4.0,设施:4.0,服务:4.0,卫生:4.0",4,商务出差,2017年01月入住,豪华标准间,0,房间小，设备太老。不配四级标准
"位置:1.0,设施:2.0,服务:2.0,卫生:2.0",1.8,独自旅行,2017年11月入住,标准间,0,较为满意！
"位置:5.0,设施:5.0,服务:5.0,卫生:5.0",5,商务出差,2017年05月入住,标准间,0,服务周到，餐饮美味。
"位置:5.0,设施:5.0,服务:5.0,卫生:5.0",5,商务出差,2017年02月入住,标准间,0,酒店很不错，还给免费升级！
"位置:4.0,设施:5.0,服务:5.0,卫生:5.0",4.8,商务出差,2016年08月入住,标准间,0,酒店附近是开发区比较繁华的区域，酒店也很集中，价格适中，不错
"位置:5.0,设施:5.0,服务:5.0,卫生:5.0",5,朋友出游,2016年12月入住,豪华标准间,0,很好 交通便利 服务良好 还会再来
"位置:5.0,设施:5.0,服务:5.0,卫生:5.0",5,商务出差,2018年01月入住,标准间,0,哈哈哈哈哈哈哈不错
"位置:5.0,设施:5.0,服务:5.0,卫生:5.0",5,家庭亲子,2017年01月入住,标准间,0,环境优美，住着舒心，服务周到！
"位置:2.0,设施:2.0,服务:2.0,卫生:2.0",2,商务出差,2017年08月入住,标准间,0,房间很简陋
"位置:4.0,设施:4.0,服务:4.0,卫生:4.0",4,商务出差,2017年08月入住,标准间,0,还行，可以住
"位置:5.0,设施:5.0,服务:5.0,卫生:5.0",5,商务出差,2017年03月入住,豪华标准间,0,总体都不错，干净且安静！
"位置:5.0,设施:5.0,服务:5.0,卫生:5.0",5,商务出差,2018年01月入住,豪华标准间,0,还不错
"位置:5.0,设施:5.0,服务:5.0,卫生:5.0",5,商务出差,2017年06月入住,豪华标准间,0,酒店性价比不错
"位置:5.0,设施:5.0,服务:5.0,卫生:5.0",5,商务出差,2018年02月入住,标准间,0,每次去经开区就是住这里
"位置:5.0,设施:5.0,服务:5.0,卫生:5.0",5,商务出差,2018年08月入住,商务间,0,早餐还可以！！！！
"位置:5.0,设施:5.0,服务:5.0,卫生:5.0",5,商务出差,2018年08月入住,商务间,0,早餐还可以！！！！！
"位置:4.0,设施:4.0,服务:4.0,卫生:4.0",4,商务出差,2017年08月入住,豪华标准间,0,交通方便便利
"位置:5.0,设施:5.0,服务:5.0,卫生:5.0",5,代人预订,2017年05月入住,悦享水床房,,不知道，不是我住的
"位置:5.0,设施:5.0,服务:5.0,卫生:5.0",5,其它,2016年07月入住,标准间,0,环境很不错，前台服务非常好，设施很齐全，价格比较合理
"位置:5.0,设施:5.0,服务:5.0,卫生:5.0",5,商务出差,2017年06月入住,标准间,0,房间很干净.早餐很不错
"位置:5.0,设施:5.0,服务:5.0,卫生:5.0",5,代人预订,2016年09月入住,标准间,0,这个价格不错，条件也不错。自己住感受吧。无需多言。
"位置:5.0,设施:5.0,服务:5.0,卫生:5.0",5,家庭亲子,2018年08月入住,标准间,0,不错的酒店
"位置:5.0,设施:4.0,服务:4.0,卫生:5.0",4.5,商务出差,2017年08月入住,标准间,0,整体还不错
"位置:5.0,设施:5.0,服务:5.0,卫生:5.0",5,商务出差,2017年06月入住,标准间,0,店员服务很好
"位置:5.0,设施:5.0,服务:5.0,卫生:5.0",5,家庭亲子,2017年08月入住,标准间,0,性价比不错
"位置:5.0,设施:5.0,服务:5.0,卫生:5.0",5,独自旅行,2016年08月入住,标准间,0,酒店环境不错 就是周围没什么东西 地理位置不好
"位置:5.0,设施:5.0,服务:5.0,卫生:5.0",5,商务出差,2017年12月入住,豪华标准间,0,挺好的
"位置:5.0,设施:5.0,服务:5.0,卫生:5.0",5,商务出差,2017年12月入住,标准间,0,非常好
"位置:3.0,设施:3.0,服务:3.0,卫生:3.0",3,商务出差,2016年12月入住,标准间,0,感觉没啥说的了，本来再次入住会感觉更加亲切，但一切都错了，市场经济，只有钱才能解决一切，其他都是骗人的谎话，世上真是没有天上掉馅饼的好事。下次还住吗？？？？？？
"位置:5.0,设施:5.0,服务:5.0,卫生:5.0",5,商务出差,2017年02月入住,商务间,0,适合商务旅行的酒店
"位置:5.0,设施:4.0,服务:5.0,卫生:5.0",4.8,商务出差,2016年08月入住,标准间,0,多次入住的酒店，酒店是四星酒店，服务态度好，在携程是闪住，价格合理，不含早餐300，用优惠券省100元，超值！
"位置:5.0,设施:5.0,服务:5.0,卫生:5.0",5,商务出差,2016年08月入住,标准间,0,服务态度很好，前台工作人员很友善，早餐也不错
"位置:5.0,设施:5.0,服务:5.0,卫生:5.0",5,商务出差,2017年02月入住,豪华标准间,0,非常值得一住的酒店
"位置:5.0,设施:5.0,服务:5.0,卫生:5.0",5,商务出差,2016年07月入住,标准间,,酒店很干净，舒适型很好，周边购物方便，交通方便，物超所值。
"位置:5.0,设施:5.0,服务:5.0,卫生:5.0",5,商务出差,2018年07月入住,豪华标准间,0,不错 出差呀
"位置:5.0,设施:4.0,服务:5.0,卫生:4.0",4.5,家庭亲子,2017年09月入住,标准间,0,酒店还是可以的，地理位置很好，便利，可以加床
"位置:5.0,设施:5.0,服务:5.0,卫生:5.0",5,朋友出游,2017年06月入住,标准间,0,不错，交通便利
"位置:5.0,设施:5.0,服务:5.0,卫生:5.0",5,家庭亲子,2018年09月入住,标准间,0,好好好好好
"位置:5.0,设施:5.0,服务:5.0,卫生:5.0",5,代人预订,2018年03月入住,豪华标准间,0,总体
"位置:5.0,设施:5.0,服务:5.0,卫生:5.0",5,家庭亲子,2017年07月入住,豪华套房,0,环境还不错
"位置:3.0,设施:1.0,服务:3.0,卫生:3.0",2.5,商务出差,2017年07月入住,标准间,0,装修太旧了
"位置:5.0,设施:5.0,服务:5.0,卫生:5.0",5,商务出差,2017年05月入住,标准间,0,酒店环境挺好
"位置:5.0,设施:5.0,服务:5.0,卫生:5.0",5,情侣出游,2016年11月入住,标准间,0,环境舒服，干净，交通便利，地段好
"位置:5.0,设施:5.0,服务:5.0,卫生:5.0",5,商务出差,2018年03月入住,标准间,0,还行
"位置:5.0,设施:4.0,服务:4.0,卫生:4.0",4.3,其它,2017年03月入住,豪华标准间,0,总体不错，值得推荐
"位置:4.0,设施:4.0,服务:4.0,卫生:4.0",4,商务出差,2017年03月入住,标准间,0,酒店地理位置不错
"位置:5.0,设施:5.0,服务:5.0,卫生:5.0",5,商务出差,2017年06月入住,标准间,0,酒店卫生很好，环境很好，设施很好，服务也很好，尤其早餐品质提升很多，很棒！
"位置:5.0,设施:5.0,服务:5.0,卫生:5.0",5,商务出差,2018年07月入住,悦享水床房,0,干净，服务好。
"位置:5.0,设施:5.0,服务:5.0,卫生:5.0",5,朋友出游,2017年07月入住,标准间,0,不错的酒店
"位置:5.0,设施:5.0,服务:5.0,卫生:5.0",5,商务出差,2016年11月入住,标准间,0,房间各方面都很不错，下次还来
"位置:5.0,设施:4.0,服务:5.0,卫生:4.0",4.5,商务出差,2017年03月入住,标准间,0,性价比很高的酒店
"位置:5.0,设施:5.0,服务:5.0,卫生:5.0",5,商务出差,2016年09月入住,商务间,0,房间不错，位置稍微偏了一点影响不大
"位置:5.0,设施:5.0,服务:4.0,卫生:5.0",4.8,朋友出游,2018年07月入住,豪华标准间,0,干净，服务好。
"位置:5.0,设施:4.0,服务:5.0,卫生:5.0",4.8,商务出差,2018年07月入住,豪华标准间,0,干净，服务好。
"位置:5.0,设施:5.0,服务:5.0,卫生:5.0",5,家庭亲子,2017年01月入住,标准间,0,各方面都不错 床很舒服
"位置:5.0,设施:5.0,服务:5.0,卫生:5.0",5,商务出差,2016年08月入住,标准间,0,自助餐不错 海鲜很新鲜 房间很干净 物超所值
"位置:5.0,设施:4.0,服务:5.0,卫生:5.0",4.8,商务出差,2016年07月入住,标准间,0,第二次入住该酒店，条件不错，装修有点旧，但还算干净，出行方便，对面是永和豆浆，吃饭方便，酒店早餐50元，服务热情。
"位置:4.0,设施:5.0,服务:5.0,卫生:5.0",4.8,商务出差,2016年07月入住,标准间,0,第二次入住该酒店，条件不错，装修有点旧，但还可以接受，房间干净整洁，比较宽敞，特价房，早餐50元一位，可返现。
"位置:5.0,设施:5.0,服务:5.0,卫生:5.0",5,商务出差,2016年10月入住,标准间,0,非常满意的入住经历，给免费升级。。。。。
"位置:5.0,设施:5.0,服务:5.0,卫生:5.0",5,商务出差,2016年12月入住,标准间,0,酒店只能说过得去，还行吧！
"位置:5.0,设施:5.0,服务:5.0,卫生:5.0",5,家庭亲子,2016年07月入住,豪华标准间,0,酒店位置很方便，服务热情，下次来还会入住。
"位置:5.0,设施:5.0,服务:5.0,卫生:5.0",5,商务出差,2017年06月入住,标准间,0,很好的酒店
"位置:5.0,设施:5.0,服务:5.0,卫生:5.0",5,商务出差,2017年11月入住,标准间,0,特别好
"位置:4.0,设施:4.0,服务:4.0,卫生:4.0",4,商务出差,2017年05月入住,豪华标准间,0,干净卫生，不错。
"位置:5.0,设施:5.0,服务:5.0,卫生:5.0",5,商务出差,2016年09月入住,商务间,0,服务热情环境优雅，下次还会入住。
"位置:4.0,设施:3.0,服务:5.0,卫生:4.0",4,商务出差,2016年08月入住,标准间,0,老酒店了，设施较旧，服务很好，有求必应。
"位置:5.0,设施:5.0,服务:5.0,卫生:5.0",5,商务出差,2016年11月入住,豪华标准间,0,酒店环境好！自助早餐不错
"位置:5.0,设施:5.0,服务:5.0,卫生:5.0",5,家庭亲子,2017年06月入住,标准间,0,酒店卫生很好，环境很好，设施很好，服务也很好，前台结账有点慢！
"位置:5.0,设施:5.0,服务:5.0,卫生:5.0",5,其它,2017年08月入住,豪华标准间,0,周边环境好，交通便利，房间卫生干净整洁。
"位置:5.0,设施:5.0,服务:5.0,卫生:5.0",5,商务出差,2017年10月入住,标准间,0,还不错
"位置:5.0,设施:5.0,服务:5.0,卫生:5.0",5,家庭亲子,2017年04月入住,标准间,0,早餐太一般了！\n
"位置:4.0,设施:4.0,服务:4.0,卫生:3.0",3.8,商务出差,2017年02月入住,豪华标准间,0,用了毛巾后有点痒
"位置:5.0,设施:4.0,服务:4.0,卫生:5.0",4.5,商务出差,2017年09月入住,标准间,0,酒店价格还可以，距离办事地方近！
"位置:2.0,设施:3.0,服务:3.0,卫生:3.0",2.8,家庭亲子,2017年01月入住,标准间,0,环境还不错，价位美丽。
"位置:5.0,设施:5.0,服务:5.0,卫生:5.0",5,商务出差,2017年06月入住,标准间,0,不错不错的酒店
"位置:5.0,设施:5.0,服务:5.0,卫生:5.0",5,商务出差,2017年06月入住,标准间,0,领导很满意
"位置:5.0,设施:5.0,服务:5.0,卫生:5.0",5,家庭亲子,2017年04月入住,标准间,0,不错，很干净的！
"位置:5.0,设施:5.0,服务:5.0,卫生:5.0",5,商务出差,2017年03月入住,标准间,0,不错，早餐非常好。
"位置:5.0,设施:4.0,服务:4.0,卫生:4.0",4.3,商务出差,2016年09月入住,标准间,0,在开发区中心，位置不错，早餐一般般
"位置:5.0,设施:5.0,服务:5.0,卫生:5.0",5,其它,2016年11月入住,豪华标准间,,在开发区算不错了，比较新。
"位置:5.0,设施:4.0,服务:5.0,卫生:4.0",4.5,商务出差,2016年07月入住,标准间,,第二次入住该酒店，条件不错，房间干净整洁，装修有点旧，总体来说是可以的，价格合理。
"位置:5.0,设施:3.0,服务:4.0,卫生:4.0",4,商务出差,2018年04月入住,豪华标准间,0,酒店网络不行。
"位置:5.0,设施:5.0,服务:5.0,卫生:5.0",5,商务出差,2017年08月入住,标准间,0,干净，卫生
"位置:4.0,设施:3.0,服务:3.0,卫生:3.0",3.3,商务出差,2017年02月入住,豪华标准间,0,四星级酒店一般话
"位置:5.0,设施:5.0,服务:5.0,卫生:5.0",5,商务出差,2016年11月入住,豪华标准间,0,不错，推荐同事和朋友入住
"位置:5.0,设施:5.0,服务:5.0,卫生:5.0",5,商务出差,2016年07月入住,标准间,,酒店环境好 位子方面 前台热情 房间安静
"位置:5.0,设施:5.0,服务:5.0,卫生:5.0",5,商务出差,2018年01月入住,标准间,0,各方面都不错，很值
"位置:5.0,设施:5.0,服务:5.0,卫生:5.0",5,商务出差,2017年03月入住,商务间,0,让人感觉非常好
"位置:4.0,设施:4.0,服务:4.0,卫生:4.0",4,商务出差,2017年05月入住,标准间,0,很好的酒店
"位置:5.0,设施:5.0,服务:5.0,卫生:5.0",5,商务出差,2018年04月入住,标准间,0,多次入住，满意！
"位置:5.0,设施:5.0,服务:5.0,卫生:5.0",5,商务出差,2017年04月入住,标准间,0,性价比非常高
"位置:5.0,设施:5.0,服务:5.0,卫生:5.0",5,朋友出游,2017年07月入住,标准间,0,服务热情
"位置:4.0,设施:3.0,服务:4.0,卫生:4.0",3.8,商务出差,2017年04月入住,行政商务间,0,酒店周边用餐方便，早餐和晚上自助餐不错。夜间比较安静。
"位置:5.0,设施:5.0,服务:5.0,卫生:5.0",5,商务出差,2016年09月入住,标准间,0,前台服务热情，有同事很晚才能到，前台很快就答应预留房间，且不需要交押金，服气热情周到。早餐也很丰富，建议大家来住这里体验一下，相信你也会很满意的。
"位置:5.0,设施:5.0,服务:5.0,卫生:5.0",5,商务出差,2018年03月入住,标准间,0,性价比非常高
"位置:5.0,设施:5.0,服务:5.0,卫生:5.0",5,商务出差,2017年10月入住,标准间,0,还是很好的酒店。早餐味道很好
"位置:4.0,设施:4.0,服务:4.0,卫生:4.0",4,商务出差,2017年11月入住,豪华标准间,0,没有健身房，服务还不错
"位置:5.0,设施:5.0,服务:5.0,卫生:5.0",5,商务出差,2017年05月入住,标准间,0,很干净 很清爽
"位置:5.0,设施:5.0,服务:5.0,卫生:5.0",5,商务出差,2017年03月入住,豪华标准间,0,周围比较方便
"位置:5.0,设施:5.0,服务:5.0,卫生:5.0",5,商务出差,2016年07月入住,标准间,,环境很好，设施齐全下次还住在这里
"位置:4.0,设施:4.0,服务:5.0,卫生:5.0",4.5,商务出差,2017年11月入住,豪华标准间,0,第二次入住，非常满意
"位置:5.0,设施:5.0,服务:5.0,卫生:5.0",5,家庭亲子,2017年05月入住,标准间,0,酒店很不错
"位置:4.0,设施:4.0,服务:4.0,卫生:4.0",4,商务出差,2017年05月入住,标准间,0,自助餐实惠
"位置:5.0,设施:5.0,服务:5.0,卫生:5.0",5,商务出差,2018年06月入住,商务间,0,好好好好好好好好好好好好好好好好好好好好好好好好好好好好好好好好好好好好好好好好好好好好好好好好好好好好
"位置:5.0,设施:5.0,服务:5.0,卫生:5.0",5,朋友出游,2017年12月入住,标准间,0,挺好的，对得起价格
"位置:5.0,设施:5.0,服务:5.0,卫生:5.0",5,商务出差,2017年06月入住,行政商务间,0,房间还行
"位置:3.0,设施:3.0,服务:3.0,卫生:3.0",3,商务出差,2017年09月入住,标准间,0,卫生差
"位置:5.0,设施:5.0,服务:5.0,卫生:5.0",5,商务出差,2017年06月入住,标准间,0,交通便利
"位置:5.0,设施:5.0,服务:5.0,卫生:5.0",5,商务出差,2019年06月入住,标准间,0,好好好ヾ ^_^♪
"位置:5.0,设施:5.0,服务:5.0,卫生:5.0",5,商务出差,2016年07月入住,标准间,0,附近用餐很方便，酒店性价比比较高
"位置:5.0,设施:5.0,服务:5.0,卫生:4.0",4.8,商务出差,2016年08月入住,标准间,,多次入住该酒店，酒店为四星级，价格不算便宜，不含早餐311，晚餐有自助餐，对外98元，住客88元，有巴西考肉不错，酒店对面是永和豆浆，吃饭方便，周边很多日式料理。
"位置:4.0,设施:4.0,服务:4.0,卫生:5.0",4.3,家庭亲子,2016年08月入住,标准间,0,价格很值得，酒店各方面都不错
"位置:5.0,设施:5.0,服务:5.0,卫生:5.0",5,情侣出游,2016年08月入住,标准间,0,房间很大。就是有点发霉的闷闷的味。
"位置:5.0,设施:5.0,服务:5.0,卫生:5.0",5,商务出差,2016年07月入住,标准间,0,服务态度很好。还给了免费升级
"位置:5.0,设施:5.0,服务:5.0,卫生:5.0",5,商务出差,2018年06月入住,标准间,0,好好
"位置:5.0,设施:5.0,服务:5.0,卫生:5.0",5,商务出差,2016年12月入住,标准间,0,环境很好，住的舒服。
"位置:5.0,设施:5.0,服务:5.0,卫生:5.0",5,家庭亲子,2016年08月入住,标准间,,非常不错的酒店，房间干净、价格合理、服务态度很好，地理位置也很好，酒店周边有很多不同特色的饭店，下楼就有一个超市，旁边还有一家大型的医院，在市区与金石滩景区之间，离高速公路也不远，总之值得入住！
"位置:5.0,设施:5.0,服务:5.0,卫生:5.0",5,商务出差,2016年11月入住,标准间,0,不错 挺好价格也实惠
"位置:5.0,设施:5.0,服务:5.0,卫生:5.0",5,商务出差,2016年10月入住,行政商务间,0,环境卫生服务都很好！
"位置:5.0,设施:4.0,服务:5.0,卫生:5.0",4.8,家庭亲子,2017年10月入住,豪华标准间,0,房间挺干净，环境也安静。
"位置:4.0,设施:4.0,服务:4.0,卫生:4.0",4,商务出差,2017年04月入住,标准间,0,还算可以了
"位置:5.0,设施:5.0,服务:5.0,卫生:5.0",5,朋友出游,2016年10月入住,标准间,0,环境好，下次再来继续住。
"位置:5.0,设施:5.0,服务:5.0,卫生:5.0",5,其它,2017年02月入住,豪华标准间,0,住的比较舒心
"位置:5.0,设施:5.0,服务:5.0,卫生:5.0",5,商务出差,2016年07月入住,标准间,0,服务态度很好，居住条件也不错。
"位置:4.0,设施:3.0,服务:3.0,卫生:3.0",3.3,商务出差,2017年03月入住,标准间,0,出差很适合住这里，性价比高，周边饭店娱乐便利齐全
"位置:5.0,设施:5.0,服务:5.0,卫生:5.0",5,商务出差,2016年09月入住,豪华标准间,0,环境不错，房间卫生干净
"位置:5.0,设施:5.0,服务:5.0,卫生:5.0",5,商务出差,2018年03月入住,标准间,0,很安静，很干净!
"位置:4.0,设施:4.0,服务:4.0,卫生:4.0",4,家庭亲子,2016年08月入住,标准间,0,干净，比较安静，周边吃饭方便
"位置:5.0,设施:4.0,服务:5.0,卫生:4.0",4.5,商务出差,2016年11月入住,行政商务间,0,交通便利，房间干净
"位置:4.0,设施:4.0,服务:4.0,卫生:4.0",4,家庭亲子,2016年09月入住,标准间,0,老酒店，其实去哪都不方便
"位置:5.0,设施:5.0,服务:5.0,卫生:5.0",5,朋友出游,2017年10月入住,标准间,0,附近有好吃的饭店吗？
"位置:5.0,设施:5.0,服务:5.0,卫生:5.0",5,商务出差,2018年03月入住,标准间,0,性价比不错
"位置:5.0,设施:5.0,服务:5.0,卫生:5.0",5,商务出差,2018年03月入住,标准间,0,性价比不错
"位置:5.0,设施:5.0,服务:5.0,卫生:5.0",5,商务出差,2018年03月入住,标准间,0,性价比不错
"位置:5.0,设施:5.0,服务:5.0,卫生:5.0",5,商务出差,2018年01月入住,标准间,0,性价比非常高
"位置:5.0,设施:5.0,服务:5.0,卫生:5.0",5,商务出差,2016年11月入住,标准间,,酒店卫生很好，环境很好，服务很好，设施也很好，总的来说都很好，方便，快捷，早餐丰富，距离海边还很近。
"位置:5.0,设施:5.0,服务:4.0,卫生:4.0",4.5,商务出差,2017年07月入住,行政商务间,0,还不错
"位置:4.0,设施:4.0,服务:4.0,卫生:4.0",4,商务出差,2017年11月入住,豪华标准间,0,性价比很高，有窗户
"位置:5.0,设施:5.0,服务:5.0,卫生:5.0",5,商务出差,2017年11月入住,悦享水床房,0,很好
"位置:4.0,设施:4.0,服务:5.0,卫生:4.0",4.3,商务出差,2017年03月入住,标准间,0,很好的酒店，现在基本上是开发区出差的首选了
"位置:4.0,设施:4.0,服务:4.0,卫生:5.0",4.3,商务出差,2017年03月入住,标准间,0,性价比不错！
"位置:5.0,设施:5.0,服务:5.0,卫生:5.0",5,代人预订,2017年07月入住,标准间,0,挺好的
"位置:5.0,设施:5.0,服务:5.0,卫生:5.0",5,代人预订,2017年07月入住,豪华标准间,0,还可以
"位置:5.0,设施:5.0,服务:5.0,卫生:5.0",5,商务出差,2016年07月入住,标准间,0,一次满意的住宿，下次还会光顾
"位置:5.0,设施:5.0,服务:5.0,卫生:5.0",5,商务出差,2016年10月入住,豪华标准间,0,服务热情，卫生一流
"位置:5.0,设施:5.0,服务:5.0,卫生:5.0",5,朋友出游,2016年10月入住,标准间,0,环境卫生设施都很好
"位置:5.0,设施:5.0,服务:5.0,卫生:5.0",5,其它,2018年04月入住,标准间,0,好
"位置:5.0,设施:5.0,服务:5.0,卫生:5.0",5,商务出差,2016年08月入住,标准间,0,非常好，免费升级了行政房
"位置:5.0,设施:5.0,服务:5.0,卫生:5.0",5,商务出差,2016年08月入住,标准间,0,很不错的酒店，位置好，交通便捷，吃饭娱乐都很方便。酒店内部装修也很好，设施比较新，服务一流，推荐大家入住！
"位置:5.0,设施:5.0,服务:5.0,卫生:5.0",5,商务出差,2017年01月入住,豪华套房,0,不错环境很好
"位置:5.0,设施:5.0,服务:5.0,卫生:5.0",5,商务出差,2018年04月入住,标准间,0,好好好
"位置:3.0,设施:3.0,服务:3.0,卫生:3.0",3,商务出差,2016年10月入住,豪华标准间,0,酒店性价比还可以
"位置:4.0,设施:5.0,服务:5.0,卫生:5.0",4.8,商务出差,2016年11月入住,标准间,,前台接待服务好
"位置:5.0,设施:5.0,服务:5.0,卫生:5.0",5,家庭亲子,2016年07月入住,豪华标准间,0,服务设施都不错，性价比高！
"位置:5.0,设施:5.0,服务:5.0,卫生:5.0",5,代人预订,2016年09月入住,标准间,0,客人没说什么，还不错
"位置:3.0,设施:3.0,服务:5.0,卫生:5.0",4,商务出差,2018年02月入住,悦享水床房,0,出差一直来
"位置:5.0,设施:5.0,服务:5.0,卫生:5.0",5,家庭亲子,2017年10月入住,标准间,0,很好很好很好👍
"位置:5.0,设施:5.0,服务:5.0,卫生:5.0",5,家庭亲子,2016年10月入住,标准间,0,非常满意，值得入住
"位置:5.0,设施:5.0,服务:5.0,卫生:5.0",5,商务出差,2016年12月入住,豪华标准间,0,很不错的酒店！
"位置:5.0,设施:5.0,服务:5.0,卫生:5.0",5,代人预订,2016年09月入住,标准间,0,服务周到，态度和蔼
"位置:5.0,设施:5.0,服务:5.0,卫生:5.0",5,商务出差,2017年09月入住,豪华标准间,0,服务周到，干净卫生
"位置:5.0,设施:5.0,服务:5.0,卫生:5.0",5,商务出差,2016年11月入住,商务间,,环境非常好，服务非常好！
"位置:5.0,设施:5.0,服务:5.0,卫生:5.0",5,朋友出游,2016年07月入住,标准间,,高性价比的四星级，很不错。 l
"位置:5.0,设施:5.0,服务:5.0,卫生:5.0",5,商务出差,2016年07月入住,标准间,0,房间不错，服务也很周到。
"位置:5.0,设施:5.0,服务:5.0,卫生:5.0",5,商务出差,2018年03月入住,商务间,0,好
"位置:4.0,设施:3.0,服务:4.0,卫生:4.0",3.8,家庭亲子,2017年10月入住,标准间,0,房间挺大也挺安静\n
"位置:5.0,设施:5.0,服务:5.0,卫生:5.0",5,商务出差,2016年06月入住,标准间,,非常好的酒店，舒适人性化
"位置:5.0,设施:4.0,服务:5.0,卫生:4.0",4.5,商务出差,2017年01月入住,标准间,0,性价比不错
"位置:5.0,设施:5.0,服务:5.0,卫生:5.0",5,家庭亲子,2016年07月入住,豪华标准间,0,带孩子出去玩，房间宽敞。
"位置:5.0,设施:5.0,服务:5.0,卫生:5.0",5,商务出差,2017年05月入住,标准间,0,酒店卫生很好，环境很好，服务很好，设施也很好。
"位置:5.0,设施:5.0,服务:5.0,卫生:5.0",5,情侣出游,2017年09月入住,豪华标准间,0,不错
"位置:3.0,设施:3.0,服务:5.0,卫生:5.0",4,商务出差,2016年09月入住,豪华标准间,0,房间隔音效果不好
"位置:5.0,设施:5.0,服务:5.0,卫生:5.0",5,代人预订,2016年04月入住,标准间,0,代人预订的，看前台应该过得去吧！
"位置:5.0,设施:5.0,服务:5.0,卫生:5.0",5,商务出差,2017年01月入住,豪华标准间,0,性价比很好，房间比较大，床也很舒服，会再住的不错
"位置:5.0,设施:5.0,服务:5.0,卫生:5.0",5,家庭亲子,2016年08月入住,标准间,0,酒店干淨，服務態度好
"位置:5.0,设施:5.0,服务:5.0,卫生:5.0",5,商务出差,2016年08月入住,标准间,0,整体很好，房间干净整洁。。。。。。。。。
"位置:5.0,设施:5.0,服务:5.0,卫生:5.0",5,朋友出游,2017年12月入住,标准间,0,对得起价格
"位置:3.0,设施:3.0,服务:3.0,卫生:3.0",3,商务出差,2017年05月入住,标准间,0,还好吧
"位置:4.0,设施:3.0,服务:4.0,卫生:4.0",3.8,其它,2017年05月入住,豪华标准间,0,一般吧 
"位置:5.0,设施:5.0,服务:5.0,卫生:5.0",5,商务出差,2017年02月入住,标准间,0,还不错吧……
"位置:5.0,设施:5.0,服务:5.0,卫生:5.0",5,商务出差,2016年10月入住,标准间,0,不错，下次继续住
"位置:4.0,设施:5.0,服务:5.0,卫生:4.0",4.5,商务出差,2016年08月入住,标准间,0,酒店环境不错吆，地理位置也好。服务也很好吆，早餐也很是丰盛的，酒店价格也挺合理的，出差感觉很好吆，下次还住的。
"位置:5.0,设施:5.0,服务:5.0,卫生:5.0",5,商务出差,2017年05月入住,豪华标准间,0,很好的。好好好
"位置:3.0,设施:5.0,服务:5.0,卫生:5.0",4.5,商务出差,2017年08月入住,标准间,0,挺好
"位置:5.0,设施:5.0,服务:5.0,卫生:5.0",5,家庭亲子,2016年07月入住,标准间,0,干净卫生，特别的实惠。
"位置:5.0,设施:5.0,服务:5.0,卫生:5.0",5,其它,2016年12月入住,标准间,0,还好吧 一般
"位置:5.0,设施:5.0,服务:5.0,卫生:5.0",5,商务出差,2016年11月入住,标准间,0,房间设施不错
"位置:5.0,设施:5.0,服务:5.0,卫生:5.0",5,商务出差,2016年11月入住,标准间,0,很好非常不错
"位置:5.0,设施:5.0,服务:5.0,卫生:5.0",5,商务出差,2017年05月入住,标准间,0,酒店干净，服务热情。出行方便。
"位置:3.0,设施:3.0,服务:3.0,卫生:3.0",3,商务出差,2017年08月入住,豪华标准间,0,一般
"位置:4.0,设施:4.0,服务:4.0,卫生:4.0",4,朋友出游,2016年03月入住,标准间,0,帮朋友代订的， 还不错！离海非常近！
"位置:5.0,设施:5.0,服务:5.0,卫生:5.0",5,家庭亲子,2017年08月入住,标准间,0,还行
"位置:4.0,设施:4.0,服务:4.0,卫生:4.0",4,家庭亲子,2016年08月入住,标准间,0,还不错，性价比很高
"位置:4.0,设施:4.0,服务:4.0,卫生:4.0",4,家庭亲子,2016年08月入住,豪华标准间,0,只给了一张早餐券
"位置:5.0,设施:5.0,服务:5.0,卫生:5.0",5,情侣出游,2016年08月入住,标准间,0,很好、下次还会入住
"位置:5.0,设施:5.0,服务:5.0,卫生:5.0",5,商务出差,2017年08月入住,商务间,0,价格可议，周边便利。
"位置:5.0,设施:5.0,服务:5.0,卫生:5.0",5,商务出差,2016年12月入住,豪华标准间,0,感觉还行吧
"位置:4.0,设施:4.0,服务:4.0,卫生:4.0",4,其它,2017年04月入住,标准间,0,还不错……
"位置:5.0,设施:5.0,服务:4.0,卫生:4.0",4.5,商务出差,2016年10月入住,豪华标准间,0,室内空气一般
"位置:5.0,设施:5.0,服务:5.0,卫生:5.0",5,商务出差,2017年01月入住,豪华标准间,0,很好，已经定了很多次了！很满意，早餐也不错！环境很好
"位置:5.0,设施:5.0,服务:5.0,卫生:5.0",5,代人预订,2018年04月入住,豪华标准间,0,不错不错啊
"位置:5.0,设施:5.0,服务:5.0,卫生:5.0",5,商务出差,2017年10月入住,行政商务间,0,性价比非常高
"位置:5.0,设施:5.0,服务:5.0,卫生:5.0",5,朋友出游,2018年01月入住,标准间,0,好
"位置:5.0,设施:5.0,服务:5.0,卫生:5.0",5,代人预订,2017年01月入住,豪华标准间,0,非常的好
"位置:5.0,设施:5.0,服务:5.0,卫生:5.0",5,商务出差,2016年07月入住,标准间,0,环境优越，服务周到
"位置:4.0,设施:5.0,服务:4.0,卫生:5.0",4.5,商务出差,2016年10月入住,标准间,0,房间宽敞舒适
"位置:5.0,设施:5.0,服务:5.0,卫生:5.0",5,商务出差,2017年07月入住,标准间,0,很好很好很好
"位置:5.0,设施:5.0,服务:5.0,卫生:5.0",5,家庭亲子,2016年09月入住,标准间,0,不错。物有所值
"位置:5.0,设施:5.0,服务:5.0,卫生:5.0",5,商务出差,2018年03月入住,标准间,0,还不错
"位置:5.0,设施:3.0,服务:3.0,卫生:3.0",3.5,商务出差,2017年07月入住,标准间,0,一般
"位置:5.0,设施:5.0,服务:5.0,卫生:5.0",5,商务出差,2016年07月入住,标准间,0,房间宽敞 大厅明亮 
"位置:5.0,设施:5.0,服务:5.0,卫生:5.0",5,商务出差,2016年07月入住,标准间,,环境很好，服务不错！
"位置:5.0,设施:5.0,服务:5.0,卫生:5.0",5,商务出差,2016年07月入住,豪华标准间,,房间环境很好，服务好
"位置:5.0,设施:5.0,服务:5.0,卫生:5.0",5,商务出差,2016年11月入住,标准间,0,很好！！很不错！！很赞
"位置:5.0,设施:5.0,服务:5.0,卫生:5.0",5,商务出差,2016年11月入住,标准间,0,很好的酒店
"位置:5.0,设施:5.0,服务:5.0,卫生:5.0",5,商务出差,2016年03月入住,标准间,0,酒店环境很好，适合商务出差。
"位置:5.0,设施:5.0,服务:5.0,卫生:5.0",5,商务出差,2017年03月入住,标准间,0,非常好
"位置:5.0,设施:5.0,服务:5.0,卫生:5.0",5,商务出差,2016年09月入住,标准间,0,很不错的酒店
"位置:5.0,设施:5.0,服务:5.0,卫生:5.0",5,商务出差,2017年12月入住,标准间,0,位置不错
"位置:3.0,设施:3.0,服务:3.0,卫生:3.0",3,其它,2017年06月入住,标准间,0,宾馆
"位置:4.0,设施:4.0,服务:4.0,卫生:4.0",4,商务出差,2017年06月入住,标准间,0,不错
"位置:5.0,设施:5.0,服务:5.0,卫生:5.0",5,商务出差,2016年12月入住,豪华标准间,0,很不错的。
"位置:5.0,设施:5.0,服务:5.0,卫生:5.0",5,商务出差,2016年04月入住,标准间,0,因为有返券，住起来比较划算 ，每次去金洲出差必选的酒店，周边小吃店水果店都有，而且停车也比较方便，离海边也近
"位置:5.0,设施:5.0,服务:5.0,卫生:5.0",5,商务出差,2016年04月入住,标准间,0,因为有返券，住起来比较划算 ，每次去金洲出差必选的酒店，周边小吃店水果店都有，而且停车也比较方便，离海边也近
"位置:5.0,设施:5.0,服务:5.0,卫生:5.0",5,商务出差,2016年04月入住,标准间,0,因为有返券，住起来比较划算 ，每次去金洲出差必选的酒店，周边小吃店水果店都有，而且停车也比较方便，离海边也近
"位置:5.0,设施:5.0,服务:5.0,卫生:5.0",5,商务出差,2017年09月入住,标准间,0,一如继往的好
"位置:5.0,设施:3.0,服务:5.0,卫生:5.0",4.5,家庭亲子,2017年09月入住,标准间,0,还是很不错的
"位置:4.0,设施:4.0,服务:4.0,卫生:4.0",4,朋友出游,2017年09月入住,标准间,0,蚊子多，韩国人多
"位置:4.0,设施:3.0,服务:3.0,卫生:3.0",3.3,商务出差,2017年03月入住,标准间,0,挺好，周边各种设施店铺齐全
"位置:5.0,设施:5.0,服务:4.0,卫生:4.0",4.5,商务出差,2017年06月入住,标准间,0,还可以，地理位置好
"位置:5.0,设施:5.0,服务:5.0,卫生:5.0",5,商务出差,2015年12月入住,标准间,0,非常不错的一家老牌酒店 床品很舒服
"位置:5.0,设施:5.0,服务:5.0,卫生:5.0",5,家庭亲子,2017年07月入住,标准间,0,还行吧，也不便宜
"位置:5.0,设施:5.0,服务:5.0,卫生:5.0",5,商务出差,2017年12月入住,标准间,0,好好
"位置:5.0,设施:5.0,服务:5.0,卫生:5.0",5,其它,2017年12月入住,悦享水床房,0,好。。。。
"位置:4.0,设施:5.0,服务:4.0,卫生:5.0",4.5,商务出差,2017年06月入住,标准间,0,还不错 性价比还可以
"位置:5.0,设施:5.0,服务:5.0,卫生:5.0",5,商务出差,2016年12月入住,标准间,,体验很好。
"位置:5.0,设施:5.0,服务:5.0,卫生:5.0",5,商务出差,2016年10月入住,豪华标准间,0,性价比较高
"位置:4.0,设施:5.0,服务:5.0,卫生:5.0",4.8,商务出差,2016年12月入住,标准间,0,很好很干净
"位置:5.0,设施:5.0,服务:5.0,卫生:5.0",5,代人预订,2016年07月入住,标准间,0,干净，整洁，服务好！
"位置:5.0,设施:5.0,服务:5.0,卫生:5.0",5,商务出差,2017年05月入住,标准间,0,第二次住了，一直满意
"位置:5.0,设施:5.0,服务:5.0,卫生:5.0",5,商务出差,2017年08月入住,豪华标准间,0,酒店挺不错的！
"位置:4.0,设施:4.0,服务:4.0,卫生:4.0",4,商务出差,2017年05月入住,标准间,0,不错
"位置:5.0,设施:5.0,服务:5.0,卫生:5.0",5,代人预订,2016年07月入住,标准间,0,很干净，交通方便
"位置:4.0,设施:4.0,服务:4.0,卫生:4.0",4,商务出差,2016年09月入住,豪华标准间,0,总体感觉可以，交通也很方便，吃饭也方便，周围相对比较繁华
"位置:4.0,设施:4.0,服务:4.0,卫生:4.0",4,独自旅行,2016年10月入住,豪华标准间,0,还可以，老牌四星酒店，房间不大，服务挺好，早餐还可以
"位置:5.0,设施:5.0,服务:5.0,卫生:5.0",5,商务出差,2018年11月入住,标准间,0,好！！！！好！！！！好！！！！好！！！！好！！！！好！！！！好！！！！好！！！！好！！！！好！！！！好！！！！好！！！！
"位置:4.0,设施:4.0,服务:4.0,卫生:4.0",4,商务出差,2017年05月入住,豪华标准间,0,还行
"位置:5.0,设施:5.0,服务:5.0,卫生:5.0",5,商务出差,2016年11月入住,标准间,,服务不错
"位置:5.0,设施:5.0,服务:5.0,卫生:5.0",5,其它,2017年02月入住,豪华标准间,0,卫生环境都很好 服务态度👍
"位置:3.0,设施:3.0,服务:3.0,卫生:5.0",3.5,朋友出游,2016年09月入住,标准间,0,位置还可以
"位置:5.0,设施:5.0,服务:5.0,卫生:5.0",5,商务出差,2017年05月入住,标准间,0,很好
"位置:5.0,设施:5.0,服务:5.0,卫生:5.0",5,商务出差,2017年09月入住,标准间,0,性价比很高
"位置:5.0,设施:5.0,服务:5.0,卫生:5.0",5,代人预订,2018年05月入住,悦享水床房,0,一般
"位置:5.0,设施:5.0,服务:5.0,卫生:5.0",5,商务出差,2018年05月入住,悦享水床房,0,很好
"位置:4.0,设施:4.0,服务:4.0,卫生:4.0",4,商务出差,2017年05月入住,豪华标准间,0,比较老旧，服务还行
"位置:5.0,设施:5.0,服务:5.0,卫生:5.0",5,商务出差,2018年05月入住,标准间,0,
"位置:5.0,设施:5.0,服务:5.0,卫生:5.0",5,其它,2016年08月入住,豪华标准间,0,总体还可以
"位置:5.0,设施:5.0,服务:5.0,卫生:5.0",5,商务出差,2018年01月入住,豪华标准间,0,还不错
"位置:5.0,设施:5.0,服务:5.0,卫生:5.0",5,家庭亲子,2017年01月入住,标准间,0,环境优美，住着舒心，服务周到！
"位置:5.0,设施:5.0,服务:5.0,卫生:5.0",5,家庭亲子,2017年01月入住,标准间,0,环境优美，住着舒心，服务周到！
"位置:5.0,设施:5.0,服务:5.0,卫生:5.0",5,家庭亲子,2017年01月入住,标准间,0,环境优美，住着舒心，服务周到！
"位置:5.0,设施:5.0,服务:5.0,卫生:5.0",5,家庭亲子,2017年01月入住,标准间,0,环境优美，住着舒心，服务周到！
"位置:5.0,设施:5.0,服务:5.0,卫生:5.0",5,商务出差,2016年08月入住,标准间,0,一如即往的好，很干净，设施到位，不打空调也挺风凉
"位置:5.0,设施:5.0,服务:5.0,卫生:5.0",5,家庭亲子,2017年10月入住,标准间,0,好
"位置:3.0,设施:1.0,服务:1.0,卫生:2.0",1.8,其它,2018年04月入住,悦享水床房,0,
"位置:4.0,设施:4.0,服务:4.0,卫生:4.0",4,其它,2017年08月入住,豪华标准间,0,早餐一般吧
"位置:5.0,设施:5.0,服务:5.0,卫生:5.0",5,商务出差,2017年06月入住,标准间,0,店员服务很好
"位置:5.0,设施:5.0,服务:5.0,卫生:5.0",5,商务出差,2016年12月入住,标准间,0,酒店卫生很好，环境很好，服务很好，设施也很好。
"位置:5.0,设施:5.0,服务:5.0,卫生:5.0",5,商务出差,2017年05月入住,标准间,0,很好的酒店，很安静!
"位置:5.0,设施:5.0,服务:5.0,卫生:5.0",5,商务出差,2017年04月入住,标准间,0,不错
"位置:5.0,设施:5.0,服务:5.0,卫生:5.0",5,朋友出游,2016年10月入住,标准间,0,环境优美
"位置:5.0,设施:5.0,服务:5.0,卫生:5.0",5,朋友出游,2016年08月入住,标准间,0,还是不错的
"位置:5.0,设施:5.0,服务:5.0,卫生:5.0",5,朋友出游,2016年08月入住,标准间,0,都挺不错的
"位置:5.0,设施:5.0,服务:5.0,卫生:5.0",5,商务出差,2016年12月入住,豪华标准间,0,挺好的
"位置:5.0,设施:5.0,服务:5.0,卫生:5.0",5,商务出差,2017年04月入住,标准间,0,很好 很好 很好\n
"位置:5.0,设施:5.0,服务:5.0,卫生:5.0",5,商务出差,2016年08月入住,标准间,0,xj性价比超高的酒店 干净卫生 房间大 服务设施全
"位置:3.0,设施:3.0,服务:3.0,卫生:4.0",3.3,其它,2018年03月入住,标准间,0,
"位置:5.0,设施:5.0,服务:5.0,卫生:5.0",5,商务出差,2016年07月入住,标准间,0,酒店卫生很好，环境很好，服务很好，设施也很好。方便，离海边近，总之很舒服。
"位置:5.0,设施:5.0,服务:5.0,卫生:5.0",5,商务出差,2017年02月入住,豪华标准间,0,不知道好坏，出差预定
"位置:4.0,设施:3.0,服务:4.0,卫生:4.0",3.8,其它,2018年03月入住,标准间,0,
"位置:5.0,设施:5.0,服务:5.0,卫生:5.0",5,商务出差,2017年03月入住,标准间,0,很好
"位置:5.0,设施:5.0,服务:5.0,卫生:5.0",5,商务出差,2018年09月入住,行政商务间,0,好！！！！好！！！！好！！！！好！！！！好！！！！好！！！！好！！！！好！！！！好！！！！好！！！！好！！！！好！！！！
"位置:5.0,设施:5.0,服务:5.0,卫生:5.0",5,商务出差,2016年08月入住,标准间,,酒店卫生很好，环境很好，服务很好，设施很好。不错的入住体验。
"位置:5.0,设施:5.0,服务:5.0,卫生:5.0",5,商务出差,2017年05月入住,标准间,0,"多次入住,很好！"
"位置:5.0,设施:5.0,服务:5.0,卫生:5.0",5,独自旅行,2018年03月入住,标准间,0,不错
"位置:5.0,设施:5.0,服务:5.0,卫生:5.0",5,商务出差,2017年09月入住,豪华标准间,0,哈哈哈哈哈
"位置:4.0,设施:4.0,服务:5.0,卫生:4.0",4.3,商务出差,2017年03月入住,标准间,0,性价比很好的酒店！
"位置:5.0,设施:5.0,服务:5.0,卫生:5.0",5,家庭亲子,2016年09月入住,标准间,0,很好很喜欢
"位置:5.0,设施:5.0,服务:5.0,卫生:5.0",5,商务出差,2017年01月入住,商务间,0,挺舒服的，还升级了房间
"位置:5.0,设施:5.0,服务:5.0,卫生:5.0",5,商务出差,2016年07月入住,标准间,,服务很到位
"位置:2.0,设施:2.0,服务:3.0,卫生:2.0",2.3,商务出差,2016年11月入住,商务间,,很一般
"位置:5.0,设施:5.0,服务:5.0,卫生:5.0",5,商务出差,2017年03月入住,豪华标准间,0,位置房产，卫生干净
"位置:5.0,设施:5.0,服务:5.0,卫生:5.0",5,商务出差,2017年03月入住,豪华标准间,0,位置房产，卫生干净
"位置:5.0,设施:5.0,服务:5.0,卫生:5.0",5,商务出差,2016年08月入住,豪华标准间,0,满意舒适。
"位置:5.0,设施:5.0,服务:5.0,卫生:5.0",5,其它,2018年02月入住,豪华标准间,0,
"位置:5.0,设施:5.0,服务:5.0,卫生:5.0",5,商务出差,2016年09月入住,商务间,0,服务热情环境优雅，下次还会入住。
"位置:5.0,设施:4.0,服务:4.0,卫生:5.0",4.5,商务出差,2017年01月入住,标准间,0,第二次入住，感觉很好！
"位置:5.0,设施:5.0,服务:5.0,卫生:5.0",5,商务出差,2017年01月入住,商务间,,房间蛮安静，睡得不错
"位置:5.0,设施:5.0,服务:5.0,卫生:5.0",5,家庭亲子,2016年10月入住,标准间,0,非常好
"位置:4.0,设施:5.0,服务:5.0,卫生:5.0",4.8,家庭亲子,2016年10月入住,标准间,0,非常好
"位置:4.0,设施:4.0,服务:4.0,卫生:4.0",4,商务出差,2017年07月入住,标准间,0,好
"位置:5.0,设施:5.0,服务:5.0,卫生:5.0",5,商务出差,2016年07月入住,豪华标准间,,很好，很温馨
"位置:5.0,设施:5.0,服务:5.0,卫生:5.0",5,商务出差,2016年12月入住,豪华标准间,0,出差住性价比很不错
"位置:5.0,设施:5.0,服务:5.0,卫生:5.0",5,代人预订,2016年09月入住,标准间,0,非常好
"位置:5.0,设施:5.0,服务:5.0,卫生:5.0",5,商务出差,2017年07月入住,标准间,0,酒店挺好
"位置:5.0,设施:5.0,服务:5.0,卫生:5.0",5,商务出差,2017年01月入住,标准间,0,舒适
"位置:5.0,设施:5.0,服务:5.0,卫生:5.0",5,商务出差,2016年11月入住,标准间,0,酒店住的不错 服务很好
"位置:5.0,设施:5.0,服务:5.0,卫生:5.0",5,朋友出游,2017年03月入住,豪华标准间,0,很不错，可以住
"位置:4.0,设施:4.0,服务:4.0,卫生:4.0",4,商务出差,2016年09月入住,标准间,0,不知道怎么样，帮出差的人定的。不知道怎么样，帮出差的人定的。不知道怎么样，帮出差的人定的。不知道怎么样，帮出差的人定的。
"位置:5.0,设施:5.0,服务:5.0,卫生:5.0",5,商务出差,2016年07月入住,标准间,0,非常不错
"位置:5.0,设施:5.0,服务:5.0,卫生:5.0",5,代人预订,2017年04月入住,标准间,0,一直住这里
"位置:5.0,设施:5.0,服务:5.0,卫生:5.0",5,商务出差,2016年08月入住,标准间,0,酒店卫生不错，环境不错，设施不错，服务也不错。
"位置:4.0,设施:4.0,服务:4.0,卫生:4.0",4,商务出差,2016年09月入住,标准间,0,还可以
"位置:5.0,设施:5.0,服务:5.0,卫生:5.0",5,商务出差,2017年06月入住,豪华标准间,0,交通方便
"位置:5.0,设施:5.0,服务:5.0,卫生:5.0",5,情侣出游,2016年07月入住,标准间,0,干净，安静
"位置:5.0,设施:5.0,服务:5.0,卫生:5.0",5,商务出差,2017年04月入住,标准间,0,领导很满意
"位置:5.0,设施:3.0,服务:5.0,卫生:5.0",4.5,商务出差,2017年04月入住,标准间,0,领导很满意
"位置:5.0,设施:5.0,服务:5.0,卫生:5.0",5,商务出差,2016年09月入住,商务间,0,还不错
"位置:5.0,设施:5.0,服务:5.0,卫生:5.0",5,商务出差,2016年08月入住,标准间,0,环境不错 房间很干净 价格合理
"位置:3.0,设施:3.0,服务:3.0,卫生:3.0",3,商务出差,2017年04月入住,标准间,0,一般\u3000\u3000\u3000\u3000\u3000\u3000\u3000\u3000\u3000\u3000\u3000\u3000\u3000\u3000\u3000\u3000\u3000\u3000\u3000\u3000\u3000\u3000\u3000\u3000\u3000\u3000\u3000\u3000\u3000\u3000\u3000\u3000\u3000\u3000\u3000\u3000\u3000\u3000\u3000\u3000\u3000\u3000\u3000一般的感覚
"位置:5.0,设施:5.0,服务:5.0,卫生:5.0",5,商务出差,2017年02月入住,标准间,0,整体环境不错
"位置:5.0,设施:5.0,服务:5.0,卫生:5.0",5,独自旅行,2016年08月入住,行政商务间,0,还不错。。
"位置:5.0,设施:5.0,服务:5.0,卫生:5.0",5,商务出差,2016年10月入住,标准间,0,环境卫生服务都很好！
"位置:4.0,设施:4.0,服务:4.0,卫生:4.0",4,商务出差,2017年02月入住,商务间,0,对得起这个价
"位置:4.0,设施:3.0,服务:4.0,卫生:4.0",3.8,商务出差,2016年05月入住,标准间,0,感觉一般般
"位置:5.0,设施:5.0,服务:5.0,卫生:5.0",5,商务出差,2017年01月入住,商务间,0,还不错，蛮安静的
"位置:5.0,设施:5.0,服务:5.0,卫生:5.0",5,其它,2017年11月入住,标准间,0,
"位置:4.0,设施:4.0,服务:4.0,卫生:4.0",4,家庭亲子,2016年09月入住,标准间,0,老酒店，其实去哪都不方便
"位置:4.0,设施:3.0,服务:3.0,卫生:3.0",3.3,商务出差,2017年07月入住,商务间,0,还可以
"位置:5.0,设施:5.0,服务:5.0,卫生:5.0",5,商务出差,2016年07月入住,豪华标准间,0,前台很sweet…
"位置:5.0,设施:5.0,服务:5.0,卫生:5.0",5,家庭亲子,2016年07月入住,标准间,0,非常好。
"位置:5.0,设施:5.0,服务:5.0,卫生:5.0",5,商务出差,2016年11月入住,豪华标准间,0,不错
"位置:5.0,设施:5.0,服务:5.0,卫生:5.0",5,商务出差,2017年01月入住,标准间,0,非常棒的酒店
"位置:5.0,设施:5.0,服务:5.0,卫生:5.0",5,商务出差,2018年05月入住,豪华标准间,0,好
"位置:5.0,设施:5.0,服务:5.0,卫生:5.0",5,家庭亲子,2017年11月入住,豪华标准间,0,不错不错不错
"位置:5.0,设施:5.0,服务:5.0,卫生:5.0",5,朋友出游,2017年04月入住,标准间,0,好好好好好
"位置:4.0,设施:4.0,服务:4.0,卫生:4.0",4,商务出差,2016年11月入住,豪华标准间,0,还行
"位置:5.0,设施:5.0,服务:5.0,卫生:5.0",5,商务出差,2016年10月入住,标准间,0,不错
"位置:5.0,设施:5.0,服务:5.0,卫生:5.0",5,其它,2017年04月入住,标准间,0,房间很好\n
"位置:5.0,设施:4.0,服务:5.0,卫生:4.0",4.5,商务出差,2016年08月入住,标准间,0,性价比很高的四星级酒店！
"位置:5.0,设施:5.0,服务:5.0,卫生:5.0",5,商务出差,2017年07月入住,标准间,0,相当好
"位置:5.0,设施:5.0,服务:5.0,卫生:5.0",5,商务出差,2017年01月入住,豪华套房,0,不错环境很好
"位置:3.0,设施:3.0,服务:3.0,卫生:3.0",3,商务出差,2016年10月入住,豪华标准间,0,酒店性价比还可以
"位置:5.0,设施:5.0,服务:5.0,卫生:5.0",5,商务出差,2016年11月入住,商务间,,环境服务非常好
"位置:5.0,设施:5.0,服务:5.0,卫生:5.0",5,商务出差,2016年10月入住,豪华标准间,0,很好～
"位置:5.0,设施:5.0,服务:5.0,卫生:5.0",5,其它,2017年02月入住,豪华标准间,0,性价比挺高 
"位置:4.0,设施:4.0,服务:4.0,卫生:4.0",4,家庭亲子,2017年10月入住,豪华标准间,0,
"位置:5.0,设施:5.0,服务:5.0,卫生:5.0",5,朋友出游,2017年10月入住,豪华标准间,0,good
"位置:5.0,设施:5.0,服务:5.0,卫生:5.0",5,商务出差,2016年10月入住,标准间,0,挺好。。。。。。。
"位置:5.0,设施:5.0,服务:5.0,卫生:5.0",5,商务出差,2017年02月入住,豪华标准间,0,位置好，环境好
"位置:5.0,设施:5.0,服务:5.0,卫生:5.0",5,商务出差,2017年02月入住,豪华标准间,0,位置好，环境好
"位置:5.0,设施:5.0,服务:5.0,卫生:5.0",5,商务出差,2015年12月入住,标准间,0,很好，性价比高
"位置:5.0,设施:5.0,服务:5.0,卫生:5.0",5,其它,2016年10月入住,标准间,0,很好。\n
"位置:4.0,设施:4.0,服务:4.0,卫生:4.0",4,商务出差,2016年09月入住,豪华标准间,0,还行
"位置:4.0,设施:4.0,服务:4.0,卫生:4.0",4,商务出差,2017年03月入住,行政商务间,0,好
"位置:4.0,设施:4.0,服务:4.0,卫生:5.0",4.3,商务出差,2016年12月入住,行政商务间,0,需要提高早餐
"位置:5.0,设施:5.0,服务:5.0,卫生:5.0",5,朋友出游,2016年09月入住,标准间,0,不错
"位置:5.0,设施:5.0,服务:5.0,卫生:5.0",5,商务出差,2016年09月入住,标准间,0,不错
"位置:5.0,设施:5.0,服务:5.0,卫生:5.0",5,家庭亲子,2016年08月入住,标准间,0,不错，只是没吃到早餐
"位置:5.0,设施:5.0,服务:5.0,卫生:5.0",5,其它,2018年03月入住,行政商务间,0,好好好好好
"位置:5.0,设施:5.0,服务:5.0,卫生:5.0",5,商务出差,2017年09月入住,标准间,0,很好！
"位置:4.0,设施:3.0,服务:4.0,卫生:4.0",3.8,商务出差,2016年09月入住,标准间,0,一般般
"位置:4.0,设施:4.0,服务:4.0,卫生:4.0",4,商务出差,2017年03月入住,标准间,0,房间不错
"位置:5.0,设施:5.0,服务:5.0,卫生:5.0",5,情侣出游,2016年09月入住,标准间,0,很好
"位置:5.0,设施:5.0,服务:5.0,卫生:5.0",5,独自旅行,2017年08月入住,标准间,0,
"位置:4.0,设施:4.0,服务:4.0,卫生:4.0",4,商务出差,2016年08月入住,行政商务间,0,不错
"位置:5.0,设施:5.0,服务:5.0,卫生:5.0",5,商务出差,2016年10月入住,标准间,,酒店环境不错
"位置:5.0,设施:5.0,服务:5.0,卫生:5.0",5,其它,2017年03月入住,行政商务间,0,非常好非常好
"位置:5.0,设施:5.0,服务:5.0,卫生:5.0",5,独自旅行,2017年07月入住,标准间,,OK
"位置:3.0,设施:3.0,服务:3.0,卫生:3.0",3,商务出差,2017年07月入住,豪华标准间,0,还行
"位置:5.0,设施:5.0,服务:5.0,卫生:5.0",5,商务出差,2016年09月入住,标准间,0,服务态度很好
"位置:4.0,设施:4.0,服务:3.0,卫生:3.0",3.5,商务出差,2017年07月入住,豪华标准间,0,挺好
"位置:5.0,设施:5.0,服务:5.0,卫生:5.0",5,商务出差,2016年07月入住,标准间,0,不错
"位置:4.0,设施:3.0,服务:3.0,卫生:3.0",3.3,商务出差,2017年03月入住,豪华标准间,0,还可以
"位置:5.0,设施:5.0,服务:5.0,卫生:5.0",5,朋友出游,2017年03月入住,豪华标准间,0,挺好啊好
"位置:5.0,设施:5.0,服务:5.0,卫生:5.0",5,商务出差,2017年06月入住,标准间,0,挺好！
"位置:3.0,设施:3.0,服务:3.0,卫生:3.0",3,商务出差,2017年02月入住,豪华标准间,0,还可以
"位置:5.0,设施:5.0,服务:5.0,卫生:5.0",5,商务出差,2018年06月入住,标准间,0,
"位置:5.0,设施:5.0,服务:5.0,卫生:5.0",5,商务出差,2016年10月入住,豪华标准间,0,性价比较高
"位置:5.0,设施:5.0,服务:5.0,卫生:5.0",5,商务出差,2016年10月入住,豪华标准间,0,性价比较高
"位置:4.0,设施:4.0,服务:4.0,卫生:4.0",4,商务出差,2017年02月入住,标准间,0,还不错……
"位置:4.0,设施:4.0,服务:4.0,卫生:4.0",4,商务出差,2017年05月入住,豪华标准间,0,good
"位置:5.0,设施:5.0,服务:5.0,卫生:5.0",5,商务出差,2016年09月入住,标准间,0,公司出差用
"位置:4.0,设施:4.0,服务:4.0,卫生:4.0",4,商务出差,2017年01月入住,豪华标准间,0,挺好的
"位置:5.0,设施:5.0,服务:5.0,卫生:5.0",5,商务出差,2017年11月入住,豪华标准间,0,好
"位置:5.0,设施:5.0,服务:5.0,卫生:5.0",5,商务出差,2017年01月入住,标准间,0,非常好
"位置:3.0,设施:3.0,服务:3.0,卫生:3.0",3,商务出差,2017年05月入住,标准间,0,还好
"位置:5.0,设施:5.0,服务:5.0,卫生:5.0",5,商务出差,2016年11月入住,标准间,0,环境很好
"位置:5.0,设施:5.0,服务:5.0,卫生:5.0",5,商务出差,2016年11月入住,标准间,0,服务很好
"位置:5.0,设施:5.0,服务:5.0,卫生:5.0",5,商务出差,2018年04月入住,标准间,0,
"位置:4.0,设施:5.0,服务:5.0,卫生:5.0",4.8,商务出差,2017年04月入住,标准间,0,不错
"位置:5.0,设施:5.0,服务:5.0,卫生:5.0",5,商务出差,2016年10月入住,标准间,0,好
"位置:5.0,设施:5.0,服务:5.0,卫生:5.0",5,商务出差,2016年04月入住,标准间,0,很好
"位置:5.0,设施:5.0,服务:5.0,卫生:5.0",5,商务出差,2017年03月入住,标准间,0,不错！
"位置:5.0,设施:5.0,服务:5.0,卫生:5.0",5,商务出差,2017年03月入住,标准间,0,不错
"位置:1.0,设施:1.0,服务:1.0,卫生:1.0",1,代人预订,2016年03月入住,标准间,,代订
"位置:5.0,设施:5.0,服务:5.0,卫生:5.0",5,其它,2018年03月入住,标准间,0,
"位置:5.0,设施:5.0,服务:5.0,卫生:5.0",5,商务出差,2015年12月入住,标准间,0,非常不错的一家酒店，床品不错
"位置:4.0,设施:4.0,服务:4.0,卫生:4.0",4,商务出差,2015年11月入住,标准间,0,很好的酒店，周围方便，下次还来。
"位置:5.0,设施:5.0,服务:5.0,卫生:5.0",5,朋友出游,2017年03月入住,标准间,0,挺好
"位置:3.0,设施:3.0,服务:3.0,卫生:3.0",3,商务出差,2017年02月入住,豪华标准间,0,一般
"位置:3.0,设施:3.0,服务:3.0,卫生:3.0",3,商务出差,2017年02月入住,豪华标准间,0,一般
"位置:3.0,设施:3.0,服务:3.0,卫生:3.0",3,商务出差,2017年01月入住,豪华标准间,0,一般
"位置:5.0,设施:5.0,服务:5.0,卫生:5.0",5,商务出差,2017年01月入住,豪华标准间,0,不错
"位置:5.0,设施:5.0,服务:5.0,卫生:5.0",5,商务出差,2016年09月入住,标准间,0,很好的！，，
"位置:5.0,设施:5.0,服务:5.0,卫生:5.0",5,商务出差,2016年12月入住,标准间,0,不错
"位置:5.0,设施:5.0,服务:5.0,卫生:5.0",5,商务出差,2016年12月入住,标准间,,挺好
"位置:4.0,设施:3.0,服务:4.0,卫生:4.0",3.8,商务出差,2016年12月入住,豪华标准间,0,挺好
"位置:5.0,设施:5.0,服务:5.0,卫生:5.0",5,商务出差,2017年05月入住,标准间,0,好
"位置:5.0,设施:5.0,服务:5.0,卫生:5.0",5,其它,2016年11月入住,标准间,,不错。
"位置:5.0,设施:5.0,服务:5.0,卫生:5.0",5,商务出差,2016年07月入住,豪华标准间,0,前台很sweet…
"位置:4.0,设施:3.0,服务:4.0,卫生:4.0",3.8,家庭亲子,2017年10月入住,标准间,0,all good
"位置:4.0,设施:3.0,服务:4.0,卫生:4.0",3.8,家庭亲子,2017年10月入住,标准间,0,all good
"位置:5.0,设施:5.0,服务:5.0,卫生:5.0",5,商务出差,2017年04月入住,商务间,0,好
"位置:5.0,设施:5.0,服务:5.0,卫生:5.0",5,商务出差,2017年04月入住,标准间,0,好
"位置:5.0,设施:5.0,服务:5.0,卫生:5.0",5,商务出差,2016年10月入住,标准间,0,挺好。。。。。。。。。
"位置:5.0,设施:5.0,服务:5.0,卫生:5.0",5,代人预订,2016年09月入住,豪华标准间,0,不错
"位置:4.0,设施:3.0,服务:4.0,卫生:4.0",3.8,商务出差,2016年09月入住,豪华标准间,0,挺好
"位置:5.0,设施:5.0,服务:5.0,卫生:5.0",5,商务出差,2016年07月入住,标准间,0,很好
"位置:5.0,设施:5.0,服务:5.0,卫生:5.0",5,家庭亲子,2016年10月入住,标准间,0,好
"位置:5.0,设施:5.0,服务:5.0,卫生:5.0",5,商务出差,2016年02月入住,标准间,0,不错
,,其它,,,,比较陈旧主要是为了孩子近
,,其它,,,,服务态度好房间也好 就是空调不太热
,,其它,,,,前台接待的一个女员工服务意识很一般，员工的素质需要提升，否则形象酒店的形象。
,,其它,,,,满意，非常温馨。经常住他们家店。重要的是周边吃饭方便，小商业区。\n\n
,,其它,,,,挺好，客户喜欢。
,,其它,,,,交通方便，能停车，服务周到！
,,其它,,,,位置很好，房间也大，比较安静
,,其它,,,,房间很大，也比较安静，早餐太早结束了
,,其它,,,,一如既往支持，性价比高
,,其它,,,,挺好的条件，住宿舒适度还可以
,,其它,,,,位置可以，房间挺干净的
,,其它,,,,挺好，来客户就住这里
,,其它,,,,房间太小，夹层的房间不应出售
,,其它,,,,房间很一般，服务员的态度和素质很一般！
,,其它,,,,这酒店  离家里很近  也就500米吧  去哪有活动   好不容易抢的     一进门才发现  老的跟闹着玩一样 幸亏抢活动抢的  不是真正要住  还是回家住吧
,,其它,,,,环境优雅，交通非常便利，
,,其它,,,,房间给免费升级，服务很好
,,其它,,,,入住五晚，分成五張訂單。明明入住了，也提前支付了五晚全部的房費，還對去哪兒網提交了入住人姓名和房號，現在入住人也在房間裡。發票也拿在手上。 卻從第一天入住日開始兩次通知我沒有入住。
,,其它,,,,价格实惠，地点方便。\n\n
,,其它,,,,很好的酒店！特别是前台的美女，服务很热情！第二天还想续住一天可惜没房间了。
,,其它,,,,商务出行必备首选
,,其它,,,,每次客户来都住这里，性价比非常高，服务很到位。
,,其它,,,,总体可以！不至于后悔！
,,其它,,,,开发区住宿首选，干净宽敞。
,,其它,,,,房间环境不错，干净，卫生。性价比高
,,其它,,,,枕头非常不舒适，一个低，两个高。睡得非常累。水床没有想象中的好。服务特别棒。
,,其它,,,,房间干净，也比较大，早餐也不错，服务员态度很好，性价比超高。健身房估计平时都没人去，我那天去试了一下，在地下一层，一个人在里头跑还是有点害怕。
,,其它,,,,服务周到，交通便利，卫生好，下次还来。\n\n
,,其它,,,,酒店位于开发区内，周边环境不错。离地铁站也很近。
,,,,,,比较好！房间很大！空调不大好
,,,,,,十分不错，明确选择，比想象好
,,,,,,酒店位于开发区，早餐和自助餐不错。烦心的事就是每次打车要多出回空费，只因出租车不能跨区运营。
,,,,,,全部都可以，就是前台结账速度慢。
,,,,,,好，特别好，非常好，非常非常好
,,,,,,不错的酒店，干净、安静，舒适
,,,,,,设施有些陈旧，性价比一般
,,,,,,这里真心不错，下次还来。
,,,,,,真心不错，下次还住，必须的。
,,,,,,还可以还可以还可以老客了
,,,,,,很好，非常好，特别好，免费升房
,,,,,,住着还蛮舒服的，服务态度也不错
,,,,,,总得说来不错，服务态度挺好，吃饭味道也不错，交通比较方便，
,,,,,,服务好，环境好，值得入住的商务酒店。
,,,,,,服务态度很好，卫生条件好。早餐吃的挺好。交通方便。
,,,,,,性价比一般，环境不错，设备挺好
,,,,,,真心不错，下次还来住。
,,,,,,老酒店在开发区位置不错，房间隔音太差了！
,,,,,,酒店不错房间很大，唯一空调不热。
,,,,,,位置不错，很方便，环境也很好，特别是前台接待服务特别好
,,,,,,还行，还算不错，就是大床房没有了
,,,,,,位置还可以，打车去金石滩都很方便\n早餐一般
,,,,,,基本不错，服务很好。
,,,,,,交通方便，地理位置好。服务态度也很好，卫生条件也行。
,,,,,,预定两间房！可以！由于工作原因匆匆行程
,,,,,,这里真心不错，下次还来住。
,,,,,,酒店位置很好找，环境也非常不错，服务态度更是没说的，赞赞赞！
,,,,,,舒适，安全，服务好，经济实惠
,,,,,,。。。。。。。。。。。。。。。。。。。。。。。
,,,,,,酒店服务好！环境好，干净舒适！
,,,,,,这不是四星酒店啊，远没达到四星标准
,,,,,,挺不错，干净，安静。
,,,,,,还可以，就是有点儿旧了
,,,,,,挺好，实惠，位置也不错
,,,,,,酒店位置不错、前台服务员服务很好！感觉很亲切、王楠、刘艳、李海燕、还给介绍了一楼西餐厅、介绍的非常详细、介意入住、下次还会继续入住
,,,,,,前台服务特别好建议入 住
,,,,,,宾馆离大连有点远，开车将近一个小时才到星海广场，但宾馆环境很好，很干净，服务也很周到，推荐
,,,,,,不错有机会还会入住这家酒店！
,,,,,,环境挺不错服务态度很好，
,,,,,,服务及环境非常好信用高。
,,商务出差,,,,整体感觉还可以，就是有的房间有下水道的味道，住这个酒店进房间时，一定一定要把房间内的东西对照好，我们早出门结帐时，他们说少了一个衣架，我心里很不舒服，我们住在这里，不会想沾怎么个便宜吧，也是长见识了，下回出门一定在这方面注意了……
,,,,,,在旺季的时候没有涨价 比较不错
,,,,,,选择这家酒店的原因是第一眼被酒店名字吸引到了。来到酒店前台，女服务员非常阳光热情，服务很周到，考虑周全。上电梯要不刷卡，这点挺好的。客房打扫服务相对弱一些，还需要提高。
,,,,,,超好性价比，位置比较好找，停车场免费停车，设施有档次，下次还来，本次决定多住几天
,,,,,,房间干净整洁，前台热情接待，就餐交通均方便，很棒！
,,,,,,幻境不错，服务态度很好
,,,,,,酒店环境好，服务热情！总体非常棒！
,,,,,,硬件设施一般，吃的很方便
,,商务出差,,,,一般，对不起四星标准，将就了
,,,,,,很舒适，卫生，服务态度好，环境优美
,,独自旅行,,,,停车比较方便，周围饭店很多，吃东西很方便
,,商务出差,,,,无线不能使用有点遗憾
,,商务出差,,,,卫生服务环境都不错，在开发区算是很不错的一家酒店了
,,商务出差,,,,位置不错，酒店有点老了
,,商务出差,,,,干净方便，地理位置十分优越
,,商务出差,,,,还不错，房间比较干净
,,商务出差,,,,环境好，干净整洁，舒适透气，服务态度好！
,,,,,,干净卫生，服务态度很好
,,,,,,服务太差，要加以改进。
,,,,,,三星标准，就怕比因为旁边酒店都挺好
,,,,,,离市中心要80元左右车程，酒店是老酒店，比较干净整洁，价格便宜。
,,,,,,服务很到位，卫生好，环境好，
,,,,,,位于大连开发区，距离轻轨有点距离，酒店周边的日韩饭店比较多
,,,,,,房间宽敞，干净，不愧四星，性价比高。
,,,,,,酒店位置很好，距离体育公园和海边较近，出行方便，酒店内餐厅有杭帮菜，方便商务休闲宴请。
,,,,,,酒店位置还不错，前台服务非常好👍，提个小建议，一个人结账速度实在太慢，还得开发票，看着服务员够辛苦的，再次赞一个，建议两个服务员更合适。下次继续住，总体来说，五星好评
,,,,,,网上订挺好的，便利还省钱，服务也好的
,,,,,,前台热情，服务周到，赞一个。
,,,,,,不错的。。。。。。。。。。
,,,,,,还可以吧，价格不贵，服务还好
,,,,,,不错，朋友来了订的，性价比不错
,,,,,,交通便利，服务周到，热情
,,,,,,服务很好，下次还来。
,,,,,,房间服务都很满意，会再来.
,,,,,,环境差 非常陈旧 隔音不好 很恐怖
,,商务出差,,,,因为出差选择这个酒店，性价比很高。
,,商务出差,,,,环境各方面都比较满意
,,,,,,很棒的酒店，尤其前台接待，好像姓王，热情周到，不但帮我的客户顺利入住，还帮我解决了后续入住问题。好评。
,,,,,,环境不错，设施有点老旧，办事挺方便的
,,,,,,位置好，房间大小也可以，就是太老了
,,,,,,早餐特别赞👍，房间不错。
,,,,,,早餐好，服务不错，还有停车场
,,,,,,位置很好，我们走路去海边，去童牛岭非常方便，离逛街吃饭的地方都很近。房间够大，推荐！
,,,,,,进屋特别冷。这四星的宾馆。设备老旧
,,,,,,一般般，早餐还可以，位置很远哟
,,,,,,和疾风劲草坚持坚持咀嚼肌
,,,,,,服务态度非常到位，酒店非常干净
,,,,,,还不错啊 还不错啊 可以
,,,,,,环境卫生方面都不错，晚上的自助餐也很丰富！连住了十多天！如果有机会再次去那附近出差，还会去选择新海天国际酒店
,,商务出差,,,,很好啊，酒店配套设施齐全，物美价廉\n\n
,,,,,,环境不错，很好，住很多次了
,,商务出差,,,,干净卫生，舒适。早餐自助挺好的\n\n
,,,,,,来了很多次 挺好的给个赞
,,,,,,不错，更多很好，挑好的
,,,,,,酒店还不错，价格也不太高
,,,,,,酒店设施齐全，房间很大，干净卫生
,,,,,,情况一般，早餐很丰富
,,其它,,,,环境还好，房费不含早餐，加早餐有点贵\n\n
,,,,,,很不错，性价比很高，下回回去还住那
,,,,,,WiFi信号超差，没法使用，请改进！
,,,,,,位置不错，早餐还不错，就是设备不太新
,,,,,,酒店位置不错，里面装修有点不新了
,,,,,,酒店房间干净卫生，服务态度很好，早上的自助餐不错!
,,,,,,该酒店干净整洁，交通方便，邻居大海，very good!
,,,,,,还不错！可以，还不错！
,,,,,,温馨干净交通便利饮食可口！
,,商务出差,,,,酒店性价比不错，周边饮食很方便，超市小店很多，环境还行，出行也很方便
,,,,,,位置还不错，性价比较高
,,其它,,,,前台人员服务很到位 很亲切，下次还会来！
,,,,,,第一次来还可以吧……
,,商务出差,,,,优点.房间放了加湿器.缺点.被子不干净
,,商务出差,,,,房间装修很旧，服务态度不好，厕所里的下水堵塞都没有人管，没有看到四星挂牌，对不起318元的价格
,,,,,,好好好，？。好好好好好好好好好
,,独自旅行,,,,干净，漂亮，服务周到！下次还来！
,,商务出差,,,,酒店位置比较好，房间很大，楼下有早餐，环境整体不错
,,,,,,旅游季节就是贵啊。😄。
,,商务出差,,,,服务热情 客房整洁干净
,,,,,,位置不错，在开发区中心位置。早餐也丰富。空调给的很足
,,其它,,,,环境优雅，服务周到了 很好
,,商务出差,,,,酒店各类设施非常好，服务也非常的棒。
,,商务出差,,,,感觉很好，干净卫生。
,,,,,,不错山南的亟待解决的家
,,,,,,非常不错的酒店，设施完备，水床效果很棒，赞👍
,,,,,,条件不错，房间也大，早餐还可以。只是晚上热水不太热。
,,,,,,很不错的酒店，设施齐全，位置不错
,,,,,,不错，价格适中，这季节有点小贵
,,,,,,非常好，服务周到细心，整洁干净
,,,,,,环境好，性价比超高，可以选择
,,,,,,环境挺好的，位置也方便，性价比高
,,其它,,,,不错的宾馆，环境很好，服务很好，酒店设备齐全。挺好的入住体验。
,,其它,,,,值得推荐的宾馆，环境很好，服务很好，房间设备不错。挺好的入住体验。
,,朋友出游,,,,环境好，就是远了点，还行
,,商务出差,,,,性价比高，各方面算不上好，但都及格，商务出行好选择
,,,,,,房间很大，空调很足，床舒服，地角好，对面有24小时的永和豆浆，还有超市
,,,,,,干净整齐交通方便不错值得住
,,,,,,每次来大连都会住这个酒店，设施，环境，卫生都非常棒，这次前台小姐还免费给我做了房间升级。
,,,,,,环境挺好的，房间也挺大，位置方便，早餐也可以，综合性价比最高
,,,,,,1点明我在外面玩狼人杀了我们新年快乐，现在
,,,,,,性价比高，服务也挺好，就是离机场远了
,,,,,,很好的一家酒店，早餐也不错。
,,,,,,挺好的，也不太贵啦……
,,,,,,服务好，房间干净整洁，地理位置非常好👍
,,,,,,床很舒服，房间很干净。
,,,,,,前台热情接待，非常棒的入驻体验
,,商务出差,,,,早餐没去吃，两点十五分到店还说没房间，最后给我整了个麻将房，让我这个不抽烟不会麻将的人住进去，味道极重，只得委屈自己让人家换了个小床的双人间，房间还可以，至少比麻将房好，就是床太小，睡着感觉不舒服，习惯了大床没办法，建议少在网上定
,,商务出差,,,,环境很好，非常不错，位置也很方便
,,,,,,开发区比较好的酒店了，比旁边的几个要好，每次来这边都住这！
,,,,,,不错，很好，给同事定的，说不错
,,商务出差,,,,更好的地方都有时间就过去找你
,,其它,,,,环境不错，服务很好，就是不含早餐，其他都好
,,其它,,,,服务员态度好，客房卫生干净，点个赞
,,商务出差,,,,服务态度好，房间整洁，交通便利
,,,,,,酒店位置还不错，周围有好多餐馆，酒店的设施不是最新，但是也可以，虽然入住的时候有点不愉快，不过结局还好
,,,,,,很不错的酒店  还会住 很棒
,,其它,,,,除了早上8点就敲门问需不需要打扫之外，一切好评#完美服务#
,,,,,,设施陈旧，已经没有四星，基本不在考虑。可能是艺龙预定给的房间很不好。
,,其它,,,,安静，干净#完美服务##绝佳选址#
,,商务出差,,,,棒极啦！环境和早餐都非常棒！
,,商务出差,,,,服务态度好 客房有些老化但很干净 位置好
,,商务出差,,,,非常满意的一次住宿。房间大，服务好，方便
,,,,,,位置有点偏，老宾馆了，基本还是可以的。
,,,,,,很好的酒店，值得推荐。？。。。。。。。。。。。。。。。。。。。。。。。。。。。
,,,,,,位置不错👍各方面都不错👌
,,,,,,酒店太老了，性价比还可以
,,独自旅行,,,,房间很旧，不干净。面积特别小，总之花了这么多钱还不如快捷酒店
,,,,,,可以可以可以可以可以
,,,,,,酒店位置很好，周围用餐非常方便，前台服务人员热情周到，房间温馨舒适
,,,,,,隔音太差啊啊啊啊啊啊啊\n
,,,,,,设施相对陈旧，但很干净整洁
,,商务出差,,,,硬件陈旧不说，前台服务也跟不上，满脸不耐烦的表情。
,,,,,,环境不错，尤其服务态度，对我们非常贴心。
,,,,,,条件可以，离海近，交通方便
,,其它,,,,环境不错，非常火爆，可能是旅游旺季吧。
,,,,,,舒适干净呢，服务态度很好👍
,,,,,,酒店还好，车位紧张。可以住住
,,,,,,卫生和位置都很好，设施略显旧了，其他不错
,,,,,,环境，价格真心不错，推荐
,,,,,,有点儿潮，不过还算有性价比
,,,,,,位置很好，卫生条件也不错。交通便利。
,,,,,,非常好，卫生条件好，交通便利。
,,,,,,除了设施有点旧，其他都挺好的
,,,,,,性价比很高，这个价格能住4星，很满足了。
,,,,,,酒店比较老，不太好。
,,,,,,四星不够，早餐还凑合
,,,,,,住宿，环境还可以。服务还行。
,,,,,,订错房间，帮忙调整了，态度不错
,,,,,,房间很大，居然还有一个麻将桌，床很舒适，洗浴用品也很好，推荐
,,独自旅行,,,,http://himg1.qunarzz.com/imgs/201706/26/lPeha4PdVLZbXS-BCnormal.jpg
,,,,,,四星酒店，设施有点旧，晚上的自助餐不错。
,,,,,,酒店设施不错，位置也很方便。对这家酒店感觉最满意的还是服务，因为补开发票的问题，酒店的工作人员很负责的全程跟踪服务，我非常满意，以后到大连还会入住这家酒店，推荐
,,其它,,,,酒店干净，环境优美，交通便利
,,朋友出游,,,,后院的停车场非常大，从大堂到客房都干净整洁，服务好
,,,,,,不错的酒店，位置便利，周边环境好，酒店干净整洁
,,,,,,酒店管理不错，位置便利
,,,,,,还不错，住的蛮舒服的
,,,,,,还挺好吧，设施有些陈旧
,,,,,,位置、环境都不错，特别是淋浴水量很足很好。
,,其它,,,,环境赞，服务员态度和蔼，房间打扫及时，价格合理。\n\n
,,,,,,干净利落交通方便，价格适中p
,,其它,,,,环境赞，服务很贴心。
,,其它,,,,服务满意，位置优越，早餐再丰富一些\n\n
,,其它,,,,服务满意#客房满意#绝佳选址#
,,其它,,,,服务满意#客房满意#绝佳选址#
,,其它,,,,服务满意#客房满意#绝佳选址#
,,其它,,,,服务满意#客房满意#绝佳选址#
,,其它,,,,服务满意#客房满意#绝佳选址#
,,其它,,,,服务满意#客房满意#绝佳选址#
,,其它,,,,服务满意#客房满意#绝佳选址#
,,其它,,,,服务满意#客房满意#绝佳选址#
,,其它,,,,服务满意#客房满意#绝佳选址#
,,,,,,服务态度非常好！地段也方便！干净整洁！我们只要太开发区都住这儿的！
,,其它,,,,这家酒店的性价比没得说，位置也很好，吃饭坐车都很方便。客房干净整洁，大堂气派，服务态度热情
,,其它,,,,整体感觉一般吧。里面设施比较陈旧，早餐也不太好，在一楼，什么东西都冰凉，吃的东西也不多。
,,,,,,性价比不错的酒店，干净卫生，值得推荐
,,,,,,离红梅市场很近，饮食、交通很方便，屋内环境不错，只是卫生间淋浴是通明的不太能接受。
,,商务出差,,,,房间很干净，服务也不错，早餐种类也比较多，同等价位这个酒店应该算物超所值！
,,朋友出游,,,,位置很好，交通便利，对于开车来的更重要的是又一个大停车场，停车方便。
,,商务出差,,,,每回总是要去住它家酒店 环境优美 周边配套齐全
,,独自旅行,,,,环境很好，很安静。服务也很好，有机会还会再来。\n\n
,,商务出差,,,,服务特别好，就是早餐有点贵，建议订房都带早餐\n\n
,,,,,,真心不错，下次还住。
,,,,,,酒店性价比超高，服务也不错，推荐。
,,,,,,可以，不错。以后需要继续入住。
,,商务出差,,,,地理位置不错，设施老了一点，交通还算方便，自己开车去的，周围超市和饭店很多，总体感觉不错。房间内也许时间太长了，多少有点味道，但是开窗一会就好多了，五福态度还不错，没有吃早餐，所以不知道如何。下次开还会考虑。
,,商务出差,,,,很好，卫生，设施可以
,,商务出差,,,,很好，卫生，设施可以
,,商务出差,,,,很好，卫生，设施可以
,,商务出差,,,,很好，卫生，设施可以
,,商务出差,,,,很好，卫生，设施可以
,,商务出差,,,,很好，卫生，设施可以
,,商务出差,,,,服务非常好，交通便利，很满意
,,商务出差,,,,挺好的，很干净，很安静。
,,,,,,不错，下次还选在这里住宿。
,,,,,,什么都好，就是太老了。光线老，装修老。但在大连也是不错了。
,,,,,,酒店环境不错，服务态度非常好
,,商务出差,,,,开发区比较早的四星，非常不错，性价比很高，离体育公园很近！每次来都住新海天，这次还给了个意外惊喜，酒店给免费升级到行政商务房，大赞👍！
,,,,,,不         错
,,,,,,早餐选择性很多，中西结合，房间卫生，安静
,,,,,,干净，卫生，安静，早餐很丰盛
,,情侣出游,,,,酒店很干净，服务很好，位置好。
,,其它,,,,环境赞，服务很贴心。
,,情侣出游,,,,非常好   很干净  房间很安静
,,商务出差,,,,设施齐全，环境优雅安静！
,,商务出差,,,,这个酒店不错！安静，舒适！价格合适！
,,其它,,,,服务很好，环境卫生都不错！
,,商务出差,,,,酒店很整洁，早餐有大酱汤，辣白菜，超级赞
,,独自旅行,,,,http://himg1.qunarzz.com/imgs/201610/02/09ar8l3G3bvJbqNLlnormal.jpg
,,情侣出游,,,,设施齐全 很干净 前台给免费升级了 服务态度很好
,,情侣出游,,,,"酒店不错,值得入住~"
,,,,,,貌似比以前要好一些？还不错吧。
,,,,,,不必如家好 绝对不会再住
,,,,,,房间小了点。不过吃的还是不错的
,,,,,,不错，下次还会来这住，酒店有自助晚餐，可以入房费，很好
,,,,,,房间大，烤肉海鲜自助98，超值，许多大连市里的人跑来吃。很好，值得推荐。
,,其它,,,,很好 有机会再去还住这里
,,,,,,大连房价都贵，性价比不高
,,其它,,,,非常正规的四星级酒店，各方面设施都很好。出行也很方便。前台的服务更是好。尤其是停车很方便还安全。
,,独自旅行,,,,挺好的，很干净，服务不错，WI-FI再好一点就完美了
,,,,,,服务挺好，房间干净。
,,,,,,不错很好的，服务好，环境，好一直都住这个酒店满意
,,,,,,要是住开发区，还是很好的选择！
,,,,,,住在开发区，这个地方还是不错的，附近挺方便的！
,,商务出差,,,,好好好好好好好好好好好
,,情侣出游,,,,本来订的特价房，结果到酒店前台给我升级到商务房，棒极了，以前都是看别人点评说升级从来没轮到自己，这次太幸运了，本来想住一晚的，又续了一晚，房间不算太大，但是卫生间离床非常远，很好个贴心，地理位置也很棒，离大连北站码头都不是很远，唯一遗憾就是房卡不太好使，呵呵呵，下次去大连还会入住。
,,,,,,因为普通标间满房，前台为免费升级，很棒！
,,其它,,,,不错哦 环境特别好 还给免费升级了 房间很干净 服务也好
,,独自旅行,,,,环境好，交通非常便利，服务态度非常好，下次出差依旧选择新海天酒店，也会推荐同事入住。
,,,,,,酒店不错，服务挺好，下次再来！
,,,,,,挺干净的，性价比很高的
,,,,,,非常好呀，很实惠了。建议大家去。
,,商务出差,,,,安静，干净，服务好位置方便。下次还来！\n\n
,,,,,,还可以，推荐，性价比还行
,,,,,,还可以，推荐！性价比还行
,,,,,,服务热情周到，房间干静整洁，一楼大厅的自助餐品种多，口味佳，值得推荐，下次还来。
,,,,,,干净，整洁，安静，地理位置好！
,,,,,,环境不错，下次还会入住！！！
,,,,,,离海边很近，房间也比较安静
,,,,,,酒店还可以，吃饭也很方便，服务态度挺好的，
,,商务出差,,,,橱柜设计不错，小巧
,,商务出差,,,,酒店环境不错，离海边很近，饭后散步很方便。\n\n
